customer_id,first_name,last_name,email,address,phone
2201,Maurice,Pickett,history1933@yandex.com,543 Mullen Cove,-4275
2202,Rachele,Mcfadden,surfing1877@gmail.com,1101 Baden Motorway,-7539
2203,Petronila,Terrell,buyer1955@duck.com,474 Ash Bypass,14107247153
2204,Wendie,Harris,estimated2056@duck.com,624 Dunnes Manor,-5903
2205,Caprice,Valenzuela,medication1854@outlook.com,748 Sumner Bridge,15862924331
2206,Ying,Wagner,pictures1810@yandex.com,911 La Salle Plaza,-2667
2207,Arnulfo,Stevens,interpreted2017@gmail.com,740 May Annex,17067698719
2208,Apryl,Turner,penalty2071@yahoo.com,1069 Oakwood Manor,-587
2209,Gertrud,Ingram,dental1866@duck.com,265 Edna Extension,-4669
2210,Milford,Gates,fixed2026@live.com,203 Derby Trace,-3395
2211,Loyd,Hoffman,abu1900@duck.com,946 Vulcan Place,16074247154
2212,Lanny,Day,cordless1986@example.com,606 Mclaren Lodge Access Court,12740762505
2213,Eleanora,Pope,extraction1893@yandex.com,523 Gonzalez Drive,14797091550
1230,Tiesha,Garrett,admin143@example.org,509 Dock Rapids,14797091512
2214,Dean,Wilkins,assembly2087@gmail.com,268 Standish Landing,18430732691
2215,Drew,Boyle,diet1891@protonmail.com,1389 Paradise Viaduct,19522457778
2216,Hilma,Faulkner,far1879@gmail.com,415 Cherry Bridge,17160051504
2217,Jeffrey,Davis,difficulty1892@protonmail.com,574 Sumner Garden,19726848645
2218,Israel,Adkins,bermuda1840@gmail.com,798 Wood Terrace,-10832
2219,Rachal,Mcintyre,plan1970@example.com,492 Prosper Street,-3979
2220,Frank,Beard,supervisor1851@duck.com,539 Trumbull Shore,12703778102
2221,Ji,Gill,index2018@example.com,561 Lydia Walk,-8247
2222,Carol,Bishop,weird2071@gmail.com,265 Glenview Plaza,19178124019
2223,Antonietta,Browning,rapid1811@example.com,91 East Walk,16104070832
2224,Tennille,Mcclain,commitment2018@gmail.com,430 Peter Yorke Walk,-9106
2225,Theron,Mcpherson,edition1980@yandex.com,368 Sala Ranch,18729987792
2226,Loyce,Mendoza,layer1974@duck.com,1120 Bernice Manor,15856400662
2227,Brandon,Mendoza,flooring2079@yandex.com,1195 Shannon Creek,19036085743
2228,Arie,York,retrieved2056@gmail.com,1298 Mono Trace,16364738063
2229,Sarina,Bowers,configuring1811@example.com,7 Josiah Estate,-9109
2230,Mardell,Austin,atlas2099@yandex.com,745 Havenside Landing,-5367
2231,Hector,Burnett,citation1939@outlook.com,153 English Extension,-2568
2232,Yang,Brown,transexual1908@gmail.com,137 Beachmont Viaduct,13032159581
2233,Walton,Wilson,reload1814@outlook.com,1195 Woodacre Pass,-3255
2234,Terrence,Ochoa,integrate2014@live.com,466 Julian Crescent,-6150
2235,Charlesetta,Harper,sorts2031@outlook.com,767 Swiss Lodge,-4936
2236,Hassan,Branch,reports2009@live.com,338 Acme Court,-5796
2237,Peter,Weeks,though1987@protonmail.com,902 Steveloe Run,-8318
2238,Chadwick,Delaney,acres2009@gmail.com,1229 Sycamore Annex,19074941660
2239,Georgann,Hancock,cam1931@live.com,1061 Freeman Field,-4712
2240,Ellis,Vazquez,improvements1963@duck.com,190 Baden Estate,-6363
2241,Shane,Daugherty,pokemon2069@live.com,231 Shipley Expressway,17757150164
2242,Fermin,Bowers,moves1861@yahoo.com,269 Northgate Route,-9208
2243,Cornelius,Woodward,wave2054@example.org,627 Malvina Avenue,15403634574
2244,Margert,Tran,driven1892@gmail.com,859 Cabrillo Mall,12141491669
2245,Giovanni,Sanchez,radiation1981@protonmail.com,171 Leroy Green,-7925
2246,Wilson,Clarke,certified1909@yandex.com,1166 Bercut Access Park,17791186944
2247,Mee,Martinez,gabriel1814@outlook.com,383 Pico Trace,17314867568
2248,Hershel,Mills,dubai2030@example.org,107 Touchard Extension,-8907
2249,Zandra,Bishop,inspired2003@duck.com,472 Clarkson Trail,-7609
2250,Marine,Richardson,shoe1958@outlook.com,1152 Bercut Access Center,17854501886
2251,Jin,Meyer,circuits2002@duck.com,1000 Bella Vista Circle,-8908
2252,Phylicia,Richard,deaf1980@gmail.com,226 Connecticut Extension,18560924517
2253,Nestor,Watts,bookmarks2060@outlook.com,1317 Music Concourse Access Creek,-1693
2254,Robby,Zamora,sequence2079@gmail.com,456 Shoup Green,15621493217
2255,Kip,French,signing1864@yahoo.com,707 Cassandra Expressway,-3645
2256,Stormy,Stark,garlic1823@example.org,67 Madera Walk,-7021
2257,Carmelia,Cooley,matters1858@outlook.com,245 Melrose Run,-9128
2258,Jarrett,Collier,adapter2014@protonmail.com,1395 Fern Avenue,18326748058
2259,Isaac,Foreman,pac1885@example.com,579 Meda Boulevard,15732123753
2260,Clinton,Paul,crown2074@live.com,424 Pomona Lane,-2138
2261,Junior,Conrad,humidity1913@duck.com,997 Yukon Run,14475836920
2262,Luke,Larson,coordinates2059@live.com,295 General Kennedy Street,-4336
2263,Samual,Roberts,elvis1977@protonmail.com,1174 Mercury Route,13186268008
2264,Johnson,Woodward,hip2063@example.org,935 Havens Mews,-6970
2265,Angelo,Ford,preservation2052@duck.com,589 Nancy Pelosi Junction,-4843
2266,Ian,Delgado,infrared2004@live.com,740 Hyde Green,-8388
2267,Faviola,Richards,hacker1950@yandex.com,916 Trainor Ranch,-5648
2268,Bobby,Ayers,withdrawal1886@yandex.com,1215 Lettuce Route,-9863
2269,Jeramy,Mcconnell,apache1807@live.com,349 Garcia Arcade,-7093
2270,Tayna,Rogers,muslims1880@example.com,1363 Ils Bayou,18132204584
2271,Harlan,Stephens,half2047@example.com,104 Staples Park,-8610
2272,Jamey,Herrera,combining2044@protonmail.com,579 Washington Manor,14758836967
2273,Amado,Morse,anybody1857@example.org,1142 Cosgrove Highway,12076021998
2274,Odis,Rowe,screens1979@live.com,750 Heritage Station,16066329233
2275,Cathey,Baxter,entrepreneurs2055@duck.com,1194 Talbert Point,15084490080
2276,Zachary,King,first1825@live.com,1394 Pasadena Spur,-6692
2277,Santo,Clark,cleaner1920@protonmail.com,237 Bonview Place,14587565532
2278,Saran,Gordon,died1890@protonmail.com,207 Ankeny Shore,-8586
2279,Jaimee,Shepard,turkish1831@protonmail.com,1013 Dorman Pass,-4311
2280,Bruno,Reyes,manhattan1825@duck.com,313 Jack Balestreri Junction,-1218
2281,Robby,Martinez,sodium1976@duck.com,646 Minna Grove,12108697713
2282,Minta,Lang,synthetic2038@yandex.com,773 Spruce Circle,15750495427
2283,Dakota,Hammond,risk1887@outlook.com,808 Alabama Square,-2897
2284,Ervin,Hammond,developing1878@example.com,71 Randolph Mews,12244107800
2285,Reuben,Wiggins,winston2089@gmail.com,1303 Edgemont Viaduct,14237481527
2286,Shayne,Noel,conduct2021@protonmail.com,308 Lassen Shore,13411454242
2287,Hugh,Justice,building1833@protonmail.com,607 Barneveld Street,-1706
2288,Floyd,Dillard,volunteer1892@duck.com,126 Bluestone Station,-1970
2289,Arlinda,Schneider,belle1963@live.com,808 Gilbert Canyon,19176373994
2290,Jerome,Padilla,scott1989@yahoo.com,813 Seacliff Canyon,-3729
2291,Mckinley,Pruitt,generator1929@yahoo.com,650 Seventh Arcade,-7483
2292,Norman,Wheeler,believes1977@yandex.com,577 Nordhoff Place,16519786154
2293,Domenica,Torres,honest1996@gmail.com,137 Wentworth Loop,16597782593
2294,Rico,Rollins,nba1804@duck.com,1199 Bertha Bend,15100783048
2295,Marcell,Hoffman,confidentiality1903@outlook.com,334 Gorgas Park,19804182490
2296,Toi,Bean,opposite1843@live.com,840 Thrift Route,-8025
2297,Noah,Patel,substantially2087@yandex.com,861 Hayes Pike,16362707849
2298,Hobert,Abbott,apple1806@example.org,1101 Elmhurst Pike,-8451
2299,Neomi,Carpenter,sig1870@outlook.com,934 Russ Alley,-6312
2300,Euna,Keller,renewal1856@live.com,401 Acacia Shore,-4541
2301,Cathey,Anthony,arrest1845@yahoo.com,790 Clarence Crescent,-2136
2302,Terrance,Campos,featuring2003@example.com,153 Barneveld Creek,-9632
2303,Caterina,Bowers,memorial1815@yahoo.com,780 Arlington Junction,-4977
2304,Gabriele,Marshall,glad2038@outlook.com,1377 Cosgrove Annex,-10309
2305,Dewey,Reeves,appointed1955@yahoo.com,602 Clara Crossing,18303175086
2306,Cherryl,Barlow,competitors1912@example.com,856 Oak Access Trail,12032700036
2307,Theola,Stephenson,sample1949@duck.com,32 Bluxome Pass,-2369
2308,Henry,Cervantes,subscription1856@yandex.com,453 Bosworth Walk,19282802385
2309,Particia,Sandoval,decline1957@outlook.com,523 Washburn Spur,15034059946
2310,Tristan,Fisher,checkout1978@example.com,1357 Buena Vista Spur,18726642540
2311,Arturo,Lang,withdrawal1945@duck.com,527 Wool Bypass,17754724705
2312,Berna,Cook,hiring1909@live.com,1230 Hauser Hill,-1279
2313,Rusty,Clemons,symptoms1901@duck.com,630 Wills Highway,-4379
2314,Lean,Christensen,considerable2076@outlook.com,530 Washington Crescent,12706579253
2315,Lester,Garrett,keep1963@duck.com,1239 Kramer Path,15306622343
2316,Verdie,Hines,selected1860@yahoo.com,674 Santa Rosa Lane,-4643
2317,Rubi,Barrett,product1968@yandex.com,510 Acorn Junction,17278557968
2318,Jackson,Zamora,handmade1882@protonmail.com,885 Southard Junction,-8462
2319,Cyndy,Cox,blacks2036@outlook.com,580 Holyoke Park,16150252713
2320,Kali,Campos,miller1846@example.org,1247 Belles Arcade,16084993357
2321,Bryanna,Cantu,addiction1877@live.com,429 Edinburgh Road,-3909
2322,Bernardo,Shannon,leisure1976@example.com,286 Andrew Boulevard,13093165308
2323,Lewis,Hines,warnings2021@outlook.com,794 Grace Gardens,-4389
2324,Felipe,Holman,loud2092@protonmail.com,634 Ash Junction,-10131
2325,Antoine,Kirkland,divx2097@protonmail.com,76 Owen Hills,19419267531
2326,Toby,Simpson,creations2090@example.com,392 Fell Run,12135117941
2327,Niesha,Keller,eau1927@live.com,779 Lawton Cove,15576222942
2328,Kourtney,Webster,nut1856@protonmail.com,582 Deming Bayou,14109946462
2329,Karmen,Maddox,cams1966@yandex.com,1045 Winter Field,13521119545
2330,Alonso,Melendez,clicking2072@yahoo.com,78 Ggp Access Road Creek,12291079684
2331,Twana,Mcclain,additionally1877@yandex.com,60 Battery Caulfield Garden,-1604
2332,Maryln,Burke,malpractice1833@protonmail.com,942 Jakey Gardens,-4390
2333,Jess,Woodard,supplier1963@example.org,158 Linares Lane,15705943500
2334,Chantell,Christian,spoken1816@yandex.com,296 Juri Highway,18565299481
2335,Miesha,Sims,appreciation1932@live.com,971 Castelo Circle,12678170681
2336,Anastacia,Ballard,parameters1822@example.com,827 Camp Run,-8814
2337,Daniel,Fowler,fiction1953@yahoo.com,1139 Margaret Place,-2262
2338,Doug,Mullins,requested1845@gmail.com,415 Rincon Arcade,16189592616
2339,Asa,Slater,lean1999@protonmail.com,886 Croaker Ranch,15740402439
2340,Raul,Yates,das2046@duck.com,460 Sternberg Mall,14647327258
2341,Mario,Elliott,disappointed1996@example.com,1048 Halibut Gardens,-6807
2342,Virgil,Flowers,podcasts1988@yahoo.com,693 Clarke Rapids,-10064
2343,Elvin,Banks,completely1800@protonmail.com,813 Ophir Hill,17573559498
2344,Guadalupe,Dorsey,bored1814@gmail.com,22 Fair Oaks Annex,12152261463
2345,Filiberto,Sosa,sydney2053@yahoo.com,1041 Clearview Lane,15408832030
2346,Camelia,Mejia,booth2082@yahoo.com,380 Chumasero Manor,18704913932
2347,Jeremy,Clark,limit2032@yahoo.com,1068 Longview Plaza,-4173
2348,Gilma,Mcpherson,trail1882@live.com,1297 Rickard Extension,-3656
2349,Ellamae,Long,billy2080@example.com,285 Byron Boulevard,-8691
2350,Mack,Cardenas,tall2007@duck.com,751 East Fort Miley Bridge,-4578
2351,Reynaldo,Branch,girlfriend1995@outlook.com,585 Masonic Pine,17191374222
2352,Lyman,Hayes,port1851@outlook.com,786 Winn Field,19807400978
2353,Rupert,Silva,poet2030@protonmail.com,53 Bluxome Crescent,13131403361
2354,Rickie,Chaney,recently1884@yahoo.com,491 Ora Bend,13134252891
2355,Leonila,Carey,coach1881@duck.com,392 Olympic Country Club Canyon,17727390089
2356,Miles,Shepard,seats2086@yandex.com,15 Freeman Stravenue,12285135791
2357,Felton,Lowe,circuit1803@duck.com,82 Bosworth Bridge,-9825
2358,Cecil,Guy,seek1810@example.com,1257 Lakeshore Bridge,16071900984
2359,Darryl,Eaton,born1908@yahoo.com,1090 Mono Point,14197658989
2360,Marilou,Mueller,cove2024@example.com,392 Fairfield Lodge,19493645799
2361,Verdie,Whitfield,pursuit1981@example.org,851 San Felipe Hill,-2620
2362,Dexter,Martin,cover2081@protonmail.com,882 Laguna Honda Center,16141692704
2363,Danyel,Mcintosh,touring2076@live.com,497 Granville Hill,-10226
2364,Theresia,Powers,purchase2049@duck.com,242 Arroyo Alley,19174679226
2365,Refugio,Woodward,cloth1819@protonmail.com,445 Trinity Lake,-3664
2366,Christoper,Petersen,premiere2062@yahoo.com,343 Palmetto Turnpike,19146579451
2367,Merrill,Gallagher,tough2051@protonmail.com,1368 Napier Road,-7220
2368,Miguelina,Johns,handbags2091@yandex.com,245 Bass Rapids,12402882307
2369,Oliva,Reilly,basis1801@protonmail.com,1104 Aladdin Expressway,18479063555
2370,Ivey,Stevens,annotation1855@duck.com,983 Circular Path,-1448
2371,Trey,Wiggins,major1890@yahoo.com,1344 Steuart Bypass,-10110
2372,Adaline,Richardson,mel2044@live.com,976 Ames Freeway,-8979
2373,Ruben,Webb,maritime2070@duck.com,556 Monterey Expressway,17631356774
2374,Millard,Solomon,stripes1842@protonmail.com,274 Marist Rapids,-10459
2375,Jonathan,Dunlap,published2037@example.org,805 Tuscany Grove,18701741930
2376,Alyse,Mercado,remedies1967@gmail.com,109 Cutler Path,13238519576
2377,Les,Barrett,incoming2044@yandex.com,216 Zeno Annex,19351206837
2378,Magen,Riley,remember2064@example.com,745 Nob Hill Creek,-5233
2379,Tyrell,Cline,wal1876@yandex.com,303 Getz Hill,12075348363
2380,Becki,Cabrera,excuse2023@outlook.com,1164 Persia Hills,-6960
2381,Anja,Faulkner,fares1903@example.org,805 Germania Estate,-10392
2382,Tasia,Sandoval,inspection1976@yandex.com,826 Elsie Landing,18065328244
2383,Leo,Rowe,aware1941@live.com,610 Copper Walk,-7334
2384,Jeanmarie,Horne,automation1999@gmail.com,1360 Richard Henry Dana Row,13015419941
2385,Dorthey,Lopez,croatia1976@example.com,60 Locksley Street,-8750
2386,Jina,Waller,county1995@duck.com,570 Emerald Cove Canyon,12105745241
2387,Rodger,O'donnell,graphs1991@live.com,491 San Antonio Drive,17187333437
2388,Annalisa,Casey,acceptance2027@protonmail.com,541 Russian Hill Parkway,15591079165
2389,Albertine,Waters,zdnet2068@yandex.com,1103 Miller Street,-6822
2390,Sung,Stephens,clothing1984@yahoo.com,195 San Juan Court,-5691
2391,Phil,Avery,writes1824@duck.com,964 Quarry Court,-9096
2392,Travis,Casey,powers2011@yandex.com,223 Holloway Mews,14457655124
2393,Juliane,Sellers,spyware1862@example.org,811 Galilee Lake,12245465430
2394,Linn,Blake,plugin1935@outlook.com,1035 Onique Glen,-3996
2395,Fredric,Glover,south1949@gmail.com,760 Marine Park,-4046
2396,Naida,Mcgowan,carried2044@gmail.com,13 Galindo Estate,16198124726
2397,Mozell,David,trigger1861@example.org,53 Bonifacio Row,16055063161
2398,Dorie,Higgins,waterproof1997@yandex.com,696 Saroyan Ferry,-1254
2399,Hal,Oliver,zones2069@yandex.com,954 Schwerin Pine,-1827
2400,Janae,Lucas,had1834@gmail.com,661 Bigler Green,-4267
2401,Elfrieda,Becker,save1985@example.org,144 Teresita Canyon,-4991
2402,Jason,Levine,currency2068@duck.com,751 Locust Terrace,-5502
2403,Oswaldo,Briggs,queries2069@live.com,706 Dakota Pike,-9286
2404,Chu,Clark,deleted2048@yahoo.com,1081 Valencia Rapids,17066194164
2405,Svetlana,Vance,health1838@duck.com,23 Terrace Lane,-9223
2406,Jin,Santos,left1863@live.com,330 Coleman Road,-7088
2407,Rodrigo,Vaughan,vertex1955@gmail.com,1024 Torney Bypass,-8952
2408,Ludivina,Case,effectively1905@example.com,488 Thornburg Green,-8770
2409,Tuan,Massey,thy1982@yandex.com,1246 Cosgrove Trace,-6678
2410,Markita,Mccray,discrete1863@yandex.com,316 Kinzey Path,-8606
2411,Janise,Conrad,educational1958@yandex.com,32 Caselli Extension,19806845832
2412,Josue,Dyer,break2021@yandex.com,994 Sacramento Station,19086410810
2413,Georgene,Parsons,opinion2069@gmail.com,424 Salinas Square,-6244
2414,Deadra,Jefferson,tackle2066@gmail.com,719 Turquoise Lane,-6083
2415,Stephane,Beach,indices2100@outlook.com,365 Friendship Arcade,-1800
2416,Edward,Mcdowell,lesbian2009@duck.com,1140 Genebern Creek,17026657972
2417,Nolan,Cobb,rise1983@gmail.com,594 Perry Boulevard,-7204
2418,Donette,Spence,aside1988@example.org,998 Jones Ranch,-3838
2419,Keesha,Alvarado,italy2094@yahoo.com,1215 Rayburn Walk,19072661723
2420,Porfirio,Mcgowan,bear1849@gmail.com,37 Ames Turnpike,19795361484
2421,France,Townsend,tobacco1822@yahoo.com,1155 Eddy Arcade,-5646
2422,Lavern,Mann,biodiversity1886@example.org,605 Esquina Alley,15162192869
2423,Malorie,Harvey,merchant1806@gmail.com,764 Vulcan Arcade,17207884439
2424,Lowell,Cochran,diana2086@protonmail.com,777 Rome Plaza,-3630
2425,Inell,Schroeder,via1824@example.org,1146 Croaker Arcade,-4261
2426,Norberto,Gallagher,pac1876@duck.com,949 Velasco Place,-4656
2427,Marshall,Fuller,cats1912@protonmail.com,879 Amity Green,15302183306
2428,Alexis,Zimmerman,illegal2002@live.com,498 Brighton Bypass,-9582
2429,Oneida,Lyons,timely1960@yahoo.com,630 Bright Crescent,12128821829
2430,Chet,Villarreal,county1993@gmail.com,1307 Royal Court,-2356
2431,Mathilde,Beach,crowd2091@outlook.com,38 Bernard Crescent,17318558944
2432,Cherlyn,Acevedo,covering1865@example.com,1077 Old Chinatown Estate,-4780
2433,Shondra,Callahan,zip1898@protonmail.com,298 Valerton Garden,17192674622
2434,Micheal,Gill,kelly1892@yahoo.com,394 Drumm Boulevard,-3554
2435,Jon,Beasley,honolulu2029@gmail.com,461 Homestead Extension,-6253
2436,Brice,Sykes,belfast1997@yahoo.com,628 Morgan Mall,19590172362
2437,Rickey,Beach,yields1993@live.com,1398 Fernandez Alley,15733569760
2438,Otha,Sykes,interactive2089@gmail.com,962 Van Keuren Run,-9102
2439,Rickie,Mcmahon,marcus2086@example.org,517 Everson Landing,15120125795
2440,Shaunna,Serrano,was1857@live.com,623 Capen Lake,-6258
2441,Regine,Edwards,elder1982@gmail.com,1117 Latona Loop,14303867756
2442,Tenesha,Donaldson,winter1869@live.com,760 Ewing Avenue,16599507973
2443,Alline,Workman,jill1899@duck.com,955 Clover Bypass,18146489234
2444,Millard,Olsen,liquid1951@outlook.com,812 Romain Place,-1315
2445,Fernanda,Clarke,tracks1940@example.com,45 Earl Rapids,15610199119
2446,Eddy,Mcfarland,publisher1818@live.com,359 Thorp Route,-5580
2447,Doloris,Moon,snapshot1826@outlook.com,944 Arco Rapids,-6172
2448,Bennie,Riddle,pump2013@yahoo.com,62 Seminole Lane,-4638
2449,Gregg,Ellison,witness2044@gmail.com,1339 Brooks Trail,18068192018
2450,Demetrice,Soto,principal1836@duck.com,688 Felix Garden,-2632
2451,Issac,Hendricks,skills2094@protonmail.com,71 Rhine Ferry,-5904
2452,Amina,Berry,transfer1881@duck.com,311 Omar Shore,15638815703
2453,Graham,Fisher,first1870@outlook.com,693 Sala Place,17315469686
2454,Broderick,Gomez,neil1856@duck.com,675 Silverview Arcade,19186410191
2455,Rodger,Freeman,extending2008@outlook.com,1043 Byron Pike,-1710
2456,Felix,Fleming,spencer2005@example.com,68 Mersey Arcade,19592043931
2457,Sydney,Leonard,rec1889@yahoo.com,173 Attridge Parkway,-11222
2458,Renato,Golden,printing1891@duck.com,1123 Holly Cove,-1905
2459,Roy,Baker,iowa2025@gmail.com,1091 Oreilly Loop,15023108443
2460,Erick,Roberts,relaxation1982@gmail.com,1304 Muir Cove,13124841523
2461,Robby,Bentley,promotions1819@example.org,801 Alpha Manor,18621763519
2462,Monserrate,Vaughan,renaissance2085@example.com,1339 El Camino Del Mar Path,-5977
2463,Moises,Caldwell,conscious1849@example.com,219 Kate Gardens,-9719
2464,Krissy,Dotson,lawyer1922@example.org,115 Belcher Loop,12393448826
2465,Joseph,Mccall,females2072@example.com,107 Belcher Viaduct,-8554
2466,Frances,Burns,downloads2085@example.com,1282 Jessie West Plaza,-7596
2467,Dalton,Wagner,charged1859@live.com,437 Buena Vista Row,15174272737
2468,Rigoberto,Stanley,tough2043@gmail.com,1332 Julia Mall,13217838188
2469,Lawrence,Scott,skills1907@example.com,194 Harry Hills,-3286
2470,Lacy,Holland,sell1936@outlook.com,172 Converse Ferry,-11663
2471,Lesley,Mayer,throws1896@gmail.com,87 Mullen Mews,12081950389
2472,Murray,Snow,chemistry1984@gmail.com,1061 Dewitt Bypass,-5439
2473,Herbert,Howell,preferred1955@live.com,856 Wabash Square,16015244897
2474,Alexis,Small,deputy1994@gmail.com,379 Monument Heights,12068979342
2475,Fidel,Woodard,denver1999@outlook.com,281 Tingley Ranch,-1664
2476,Sage,Potter,soldiers1895@outlook.com,670 Custom House Mall,-5482
2477,Loyce,Travis,second2065@example.org,1029 Oliver Path,14016740265
2478,Bernarda,Mcgowan,journal1810@protonmail.com,337 Marine Freeway,-11048
2479,Nancee,Hines,korean1939@outlook.com,539 Steuart Annex,12699530014
2480,Isidra,Snow,metropolitan2035@outlook.com,320 Brook Creek,12832105324
2481,Dwight,Marquez,robinson2044@outlook.com,194 Longview Heights,-7803
2482,Eduardo,Patton,charts2058@outlook.com,28 Coronado Bayou,-6114
2483,Alla,Garrison,elegant1920@yahoo.com,370 Torney Expressway,-1309
2484,Carol,Mcintosh,boxing2077@live.com,194 Quincy Route,-6175
2485,Sook,Chang,puzzle1836@yahoo.com,163 Daggett Field,-3836
2486,Solomon,Cotton,jpg2057@outlook.com,811 Wilde Pike,-9380
2487,Lynell,Wooten,addressed1860@duck.com,353 Dock Route,-2865
2488,Robt,Goodman,dow2022@protonmail.com,1323 Aztec Expressway,14126927493
2489,Lecia,Padilla,tip1852@example.com,1007 George Parkway,-3332
2490,Dante,Moody,starting1957@outlook.com,1025 Redondo Loop,18487981404
2491,Janett,Burke,isbn2094@duck.com,364 Niagara Square,-8561
2492,Matha,Dejesus,anatomy1923@example.com,1119 Nauman Row,14068792459
2493,Han,Garrison,checklist1821@protonmail.com,983 San Benito Lake,-2334
2494,Tifany,Watts,backing2029@outlook.com,85 Josiah Road,-6627
2495,Zachariah,Clemons,sticky1976@protonmail.com,1310 Moraga Cove,13614460084
2496,Robert,Christian,participated1962@example.com,1306 Rossi Terrace,19524516243
2497,Aaron,Booker,gays1805@live.com,109 Whittier Bypass,19496304631
2498,Yi,Coleman,factory1989@example.com,862 Poppy Crescent,12098409227
2499,Kayce,Osborn,valium1950@duck.com,1084 Liebig Glen,-5629
2500,Carson,Romero,collective1881@outlook.com,891 Ramona Estate,-10131
2501,Blossom,Harding,finding2031@live.com,722 Flower Highway,12274133176
2502,Efren,Beach,purse2091@example.org,776 Zanowitz Walk,-1613
2503,Abram,Harris,gold2090@duck.com,1110 Fairmount Center,13417020248
2504,Elijah,Cortez,departments2074@live.com,1135 Delano Gardens,-4629
2505,Toccara,Watson,like1949@example.com,8 Bacon Parkway,-5359
2506,Kristopher,Pennington,jose2095@yandex.com,1120 Saturn Freeway,-10602
2507,Herschel,Wilder,pairs2008@yahoo.com,99 Milan Expressway,12056757896
2508,Roxy,Rosales,manufacturers1912@live.com,226 Oneida Hills,14326958339
2509,Evan,Ferguson,delays1862@example.org,799 Pasadena Estate,12247235456
2510,Porfirio,Weeks,maintaining1818@yahoo.com,1118 Olympia Manor,-8228
2511,Brian,Spence,alloy1918@protonmail.com,1173 Juniper Ferry,19014213196
2512,Janella,Bush,institutional2032@example.com,1040 Friedell Extension,15758169327
2513,Selene,Mccall,furniture1964@duck.com,738 Caine Heights,12107661248
2514,Archie,Reynolds,saudi1992@yandex.com,1232 Vermont Motorway,13399061611
2515,Devora,Silva,pasta1989@yandex.com,482 Boutwell Crossing,15733255989
2516,Arnulfo,Kline,translate2079@yahoo.com,1149 Truett Turnpike,17304586252
2517,Denver,Knapp,solid1857@outlook.com,1286 Cohen Terrace,16035239127
2518,Stephen,Gaines,prix1988@example.org,962 Ardath Field,-11610
2519,Travis,Cobb,pest1854@live.com,80 Duncan Ranch,12194669534
2520,Stasia,Lamb,consisting2043@protonmail.com,220 Globe Run,16697084745
2521,Dwayne,Beach,extras2004@example.org,785 Davis Extension,18035148779
2522,Irina,Mercado,tracker1840@live.com,412 Brumiss Ranch,13524004412
2523,Jestine,Mccormick,existing2036@example.com,1029 Delaware Walk,-7560
2524,Lewis,Reid,auckland1842@protonmail.com,1154 Wabash Square,19030981944
2525,Jeremy,Camacho,soldier2049@protonmail.com,548 Hudson Pike,15181366562
2526,Marin,Hines,investing1928@outlook.com,997 Alpha Cove,-5793
2527,Warren,Carter,heroes1997@example.org,575 San Antonio Square,-10271
2528,Jimmie,Osborne,habitat2085@outlook.com,906 Healy Loop,13180032602
2529,Calvin,Keith,retain1961@example.com,1303 Montague Spur,19850669958
2530,Harris,Crawford,wal2052@duck.com,982 Kimball Garden,-7615
2531,Evelyne,Potter,merge1911@gmail.com,1350 La Ferrera Crescent,-2831
2532,Johnny,Stevens,hewlett2074@example.org,411 Houston Row,-4106
2533,Bret,Todd,staffing1999@live.com,383 Pollock Estate,17815836335
2534,Gerald,Contreras,travelling1986@live.com,957 Banks Pass,13600076838
2535,Louetta,Riley,marilyn1877@example.com,662 Banks Expressway,-7371
2536,Morris,Roach,consist1934@example.org,456 Hagiwara Tea Garden Ferry,-4665
2537,Tonette,Stewart,jesse1914@example.org,714 Evergreen Circle,18144568232
2538,Arnoldo,Stevenson,captured2042@yandex.com,992 Seneca Heights,18563351609
2539,Guadalupe,Dillard,wholesale2007@duck.com,35 Bayside Village Lane,13309972618
2540,Dong,Foreman,louisiana1909@duck.com,1090 Earl Grove,13011293011
2541,Azucena,Fulton,skins1863@example.com,1050 Romain Terrace,-3698
2542,Albertine,Mullen,thousands1975@gmail.com,1153 Shrader Plaza,-9826
2543,Magen,Lloyd,scanners2055@example.org,526 Bird Lodge,-1310
2544,Renaldo,Hays,until1931@outlook.com,510 Lakeview Viaduct,-10761
2545,Verlene,Neal,jesse1823@protonmail.com,803 Geary Crossing,17867073756
2546,Mikki,Holden,wires2050@duck.com,1301 Baywood Hills,14027438361
2547,Lamar,Chapman,naval2024@protonmail.com,689 Hoffman Drive,-5810
2548,Chase,O'donnell,earrings1972@live.com,1172 Princeton Road,18455814587
2549,Rashad,Gillespie,jacket1925@duck.com,959 Kelloch Ferry,-8935
2550,Isaiah,Abbott,administered1978@example.org,1164 Bowling Green Square,14808562927
2551,Calvin,Richardson,land1988@protonmail.com,23 Cadell Street,-2033
2552,Ilana,David,chances1869@yahoo.com,828 Hillview Canyon,13604386403
2553,Johana,Walters,stopped1979@example.com,1103 Kenny Row,13104968444
2554,Eliz,Castro,vietnamese2093@outlook.com,60 Quint Lake,-3453
2555,Matthew,Haley,dishes2090@outlook.com,408 Seminole Circle,-4646
2556,Burl,Acevedo,large1941@duck.com,537 Valerton Ferry,19733019453
2557,Shaun,Andrews,contributors1829@yandex.com,207 Encanto Estate,18597033869
2558,Hollis,Blankenship,wma1801@yahoo.com,119 Mount Expressway,17653557817
2559,Carlos,Gaines,infant1938@example.com,987 Sharon Crossing,16103424709
2560,Eulah,Delgado,district1805@outlook.com,462 Natoma Garden,-1660
2561,Albert,Mccormick,differ1822@live.com,8 Cleveland Lake,-6733
2562,Fallon,Fulton,hacker2005@example.com,121 Whitfield Avenue,19721310849
2563,Delicia,Rosales,forced1882@example.com,75 Westmoorland Plaza,12247689609
2564,Jamaal,Barrett,categories2019@example.com,737 Candlestick Cove Lodge,-9237
2565,Librada,Sampson,dying1967@protonmail.com,151 Pinar Green,-8807
2566,Clotilde,Blair,reported1958@yandex.com,784 Oak Grove Lane,19284468013
2567,Kenda,Walters,licking1952@gmail.com,497 Rankin Pike,17405870332
2568,Lee,Dunn,solutions2014@duck.com,176 Golding Stravenue,-1514
2569,Clyde,Shields,needed2086@outlook.com,1267 Hayward Shore,-9505
2570,Marcellus,Rivas,foam2053@protonmail.com,168 Pueblo Glen,19286803409
2571,Josiah,Sherman,taxi1828@protonmail.com,1298 Landers Glen,12749650169
2572,Alvaro,Franks,visiting1914@gmail.com,826 Emerson Freeway,-6661
2573,Ron,Stewart,affiliate1907@yandex.com,297 Eutaw Manor,17323151237
2574,Marcene,Petty,academic2059@yahoo.com,953 Florentine Highway,-9681
2575,Erwin,Pierce,hydrogen2017@outlook.com,438 Belles Heights,17142528857
2576,Victor,Hardin,msgstr1809@example.org,721 Healy Square,18310000094
2577,Guadalupe,Henry,duck2014@live.com,1262 Long Bridge Glen,18324784813
2578,Librada,Stewart,selective2044@yandex.com,891 Bella Vista Pass,-9968
2579,Emery,Drake,theoretical2009@live.com,489 King Garden,-4168
2580,Willie,Leblanc,shorter1942@duck.com,383 Peru Cove,-3503
2581,Domonique,Vasquez,specialists1996@outlook.com,1026 Rodriguez Circle,-1100
2582,Myron,Thomas,entrepreneurs1874@protonmail.com,1378 Arelious Walker Pike,15309173228
2583,Brendon,Delgado,fox2078@protonmail.com,1325 Revello Bypass,-4335
2584,Kent,Bullock,islam1979@gmail.com,581 Ada Lodge,15160260385
2585,Rich,Norton,factors1960@live.com,615 Linares Creek,-2881
2586,Arlean,Pennington,completed1955@yandex.com,199 Wedemeyer Walk,-2582
2587,Lory,Hopkins,happiness2093@duck.com,895 Boutwell Hill,-9464
2588,Yoko,Rosales,mortality1955@outlook.com,1363 Lydia Motorway,-10807
2589,Albertina,Peters,tragedy1831@gmail.com,965 Fallon Grove,-3163
2590,Stephnie,Clarke,buses1899@yandex.com,502 Carrizal Center,-11039
2591,Gale,Chang,chassis1948@example.org,149 Rey Lake,-7679
2592,Willis,Garrett,fastest1893@gmail.com,1052 La Ferrera Green,-6786
2593,Lekisha,Golden,indicate1805@live.com,1324 Warner Square,-4466
2594,Alysha,Ellis,swedish1838@outlook.com,106 Berkshire Junction,18182616987
2595,Charles,Frazier,cio2003@gmail.com,1224 Stoneybrook Park,-10268
2596,Shaquana,Curry,tracy1813@yahoo.com,1363 Lowell Grove,-6440
2597,Kelley,Emerson,harvard1832@yandex.com,616 Yukon Avenue,-7740
2598,Leon,Kent,holdings1837@duck.com,176 Conwell Spur,-2258
2599,Corey,Padilla,navigate1907@gmail.com,863 Vasquez Creek,-8275
2600,Lisabeth,Prince,thickness1822@protonmail.com,243 Santos Road,-3320
2601,Jeffrey,Davis,chinese1999@live.com,1190 Saturn Pine,18602520296
2602,Grisel,Larson,bee1914@protonmail.com,1110 De Long Park,13149472748
2603,Jerome,Peters,dev2042@live.com,693 Harris Annex,-5120
2604,Jackelyn,Pearson,luke2059@gmail.com,1171 Las Villas Drive,-6886
2605,Nichelle,Ramsey,school2021@duck.com,843 Allston Run,15170963373
2606,Jessie,Bright,protest1825@protonmail.com,646 Holladay Point,18159656966
2607,Sixta,Dunn,unlikely2035@example.com,530 Briarcliff Run,-4754
2608,Barbar,Bell,sales1819@gmail.com,140 Lendrum Glen,18064499296
2609,Sung,Melendez,psychological1842@example.org,1306 Canby Station,-7203
2610,Desmond,Finley,counted1900@outlook.com,1153 Gonzalez Street,15168831674
2611,Gita,Rich,chicken1824@outlook.com,92 Rosa Parks Glen,15632458412
2612,Tula,Bowman,operate1918@example.org,1085 Broad Trail,-6177
2613,Fae,Christensen,tracking1893@yahoo.com,1101 Comerford Lodge,-4204
2614,Elvis,Knight,swedish2072@example.org,441 Joy Cove,-5028
2615,Antonio,Burch,indiana1920@protonmail.com,1250 Country Club Bypass,-7772
2616,Dirk,Wiley,studies1931@gmail.com,1261 Mangels Plaza,-3253
2617,Pauletta,Chen,endif2060@yahoo.com,227 Joice Extension,12514915919
2618,Kip,Graham,highly2006@yahoo.com,470 Salmon Row,-2994
2619,Andree,Frederick,survive1991@live.com,486 North Bend,-6653
2620,Hiram,Wade,ambien1853@example.org,849 Hill Point Hills,-2362
2621,Ceola,Barrera,structures1872@live.com,381 Catalina Circle,-9534
2622,Diedra,Tyler,lottery1992@example.org,1367 Ames Bayou,12084635273
2623,Martin,Browning,david1918@example.com,635 Langton Ferry,-4975
2624,Jim,Bradford,hunt1804@yandex.com,448 Corbin Lodge,-10321
2625,Adena,Prince,appointments1948@duck.com,832 May Route,12812724712
2626,Ruben,Ferguson,posted1809@gmail.com,1192 Avenue I Court,-5811
2627,Jaymie,Carney,completed2018@yandex.com,600 Pennsylvania Hills,13302511814
2628,Silas,Winters,module2097@yandex.com,335 Winn Row,15635734519
2629,Breann,Michael,revision2042@protonmail.com,10 Steuben Lane,12675720555
2630,Gianna,Mosley,comparable2087@yahoo.com,517 Trumbull Crossing,14404901225
2631,Tabetha,Waters,breathing2094@duck.com,589 Adair Gardens,13237650654
2632,Leonia,Carter,conclude2086@example.org,910 Ggp Access Road Shore,-730
2633,Eugenio,Lester,seniors1919@live.com,662 Greenwood Hill,13808810192
2634,Derick,Richard,jump2019@outlook.com,20 Foerster Road,12088124542
2635,Kit,Sosa,hazardous1885@gmail.com,240 Page Junction,16146076439
2636,Amos,Madden,verified2072@example.com,1170 Cornwall Arcade,18187067805
2637,Malcolm,Bentley,thanks1945@yandex.com,869 Elmhurst Extension,13216889334
2638,Jed,Bean,theorem1817@protonmail.com,427 Pomona Pike,18306820833
2639,Sam,Hooper,rep1861@live.com,981 Central Pine,18723608492
2640,Soila,Durham,arbitration1810@outlook.com,1245 Leona Bridge,18562462134
2641,Kris,Howell,guards1805@yandex.com,1397 Nimitz Circle,13047680865
2642,Samira,Valenzuela,amendment1967@example.com,1365 Dorcas Street,17851213057
2643,Percy,Jarvis,remedies1818@protonmail.com,503 West Mall,12743019207
2644,Lowell,Daniel,practitioner1960@duck.com,668 Lendrum Court,12566213709
2645,Jeffry,Crane,jet1914@duck.com,1372 Encline Spur,19090771513
2646,Marcelino,Lara,gale2005@example.org,1045 Orchard Freeway,12186504570
2647,Rodrick,Chen,biotechnology1889@example.org,113 Cyril Magnin Point,12095799867
2648,Edison,Drake,fiscal1844@outlook.com,861 Stanyan Hill,-1251
2649,Alva,Wheeler,hardwood1919@outlook.com,349 Terra Vista Alley,19854735986
2650,Aron,Prince,bronze1948@yandex.com,479 De Long Landing,16416198540
2651,Eusebia,Macdonald,argued2082@gmail.com,279 Montcalm Bypass,19160963510
2652,Ken,Walter,chronic2024@yahoo.com,12 Silver Hill,13258815152
2653,Stepanie,Neal,roommates1979@gmail.com,372 Munich Stravenue,19199485293
2654,Clyde,Park,collected1871@live.com,380 Clayton Boulevard,-1857
2655,Maia,Kidd,channels2035@yandex.com,1192 Broadway Plaza,14326410748
2656,Joshua,Mckenzie,except1852@protonmail.com,570 Jack Kerouac Viaduct,17605629258
2657,Nam,Maldonado,chi1991@duck.com,570 Powhattan Bend,13102806647
2658,Bradford,Cervantes,coffee1992@gmail.com,1265 Weldon Expressway,-1587
2659,Jake,Meyer,sister2015@example.org,1061 Van Dyke Mews,12393137104
2660,Simona,Kim,knowing2034@live.com,373 Freeman Expressway,12548322142
2661,Delmer,Mckay,good1963@yahoo.com,1315 Delancey Boulevard,-9769
2662,Cruz,Greene,drum1841@duck.com,376 Moulton Field,-1015
2663,Mary,Pittman,ian2079@outlook.com,99 Burgoyne Gardens,14706693172
2664,Geraldo,Fry,opponents2089@outlook.com,505 Martin Luther King Jr Highway,13033859487
2665,Clyde,Yates,julia1878@example.com,1209 Vista Verde Expressway,16575634010
2666,Debroah,Gay,veterinary1958@live.com,63 Signal Park,-6392
2667,Kip,Murray,rice1855@example.com,382 Raccoon Parkway,18086675111
2668,Deloras,Vega,crafts2071@yahoo.com,1163 Griffith Glen,-4898
2669,Eladia,Black,train2090@live.com,908 Guy Walk,14048944753
2670,Eli,Hodges,surgeon2009@yahoo.com,1051 Bosworth Row,13154417887
2671,Chun,Holden,adjustments1945@example.org,467 Reposa Heights,-1867
2672,Cleora,Rosales,glucose1966@example.org,1202 Ware Canyon,14080985788
2673,Ivelisse,Jackson,hay1890@outlook.com,960 Helen Grove,-6118
2674,Ferdinand,Murray,wiring1988@yahoo.com,29 Davis Mall,-11007
2675,Xuan,Clayton,israel2006@yandex.com,645 Whiting Ranch,-5016
2676,Michelina,Mccullough,graphics1928@live.com,556 Jules Crossing,12159904231
2677,Shane,Bowen,scheduled1880@live.com,1224 Kamille Pass,-10552
2678,Jae,Padilla,macro2039@gmail.com,708 Helen Freeway,14470568326
2679,Tommy,James,potential1810@yahoo.com,538 Turner Park,-4707
2680,Xochitl,Anthony,editorial1910@live.com,101 Dormitory Crescent,13186113061
2681,Mauricio,Mckee,bay2037@protonmail.com,1082 Ames Circle,19547526850
2682,Tawna,O'neal,eternal2097@yahoo.com,6 San Miguel Turnpike,16072142342
2683,Hugh,Mckee,mistake1968@live.com,1364 Mansfield Garden,-7629
2684,Eugene,Avila,rocks2096@outlook.com,945 Everglade Trail,12093219118
2685,Cassy,Mcgowan,translator1859@yahoo.com,160 Stanyan Viaduct,12536194877
2686,Daren,Marsh,chronicles2073@live.com,537 Southard Lane,17243465437
2687,Cherelle,Talley,tennis1807@yandex.com,502 Norwich Parkway,-9660
2688,Malik,Boyd,seeks2006@yahoo.com,638 Seneca Hill,-2320
2689,Johana,Schmidt,upgrade2034@gmail.com,423 Stark Lodge,19364755295
2690,Obdulia,Hahn,disorder2085@gmail.com,902 Yukon Park,-2545
2691,Kam,Montoya,express1860@yahoo.com,719 Orchard Canyon,-1661
2692,Elden,Byers,monday2016@example.com,1142 Acton Square,14047490233
2693,Rickie,Page,tear2077@gmail.com,336 Milton Hill,15025454303
2694,Ronald,Franco,firmware2089@yandex.com,1359 Oriole Drive,14434456865
2695,Wilson,Moreno,center1857@yahoo.com,212 Emerald Manor,-9672
2696,Alvera,Andrews,potatoes1842@gmail.com,724 Leroy Square,12482137566
2697,Glenn,Benjamin,mat1973@protonmail.com,1245 Sawyer Trace,12090612187
2698,Barbie,Fry,mileage1992@outlook.com,678 Dunshee Expressway,15031185391
2699,Cyril,Hahn,def1825@yahoo.com,1349 Boynton Place,16363202901
2700,Nick,Giles,alberta1952@gmail.com,1074 Bedford Highway,-3991
2701,Milda,Hinton,transportation2007@outlook.com,155 Sola Bypass,17154242707
2702,Lauren,Decker,summary2059@live.com,989 Hallam Mews,16676312247
2703,Donnetta,Cooley,images1974@live.com,1262 Clayton Parkway,-6047
2704,Amiee,Beasley,instrumentation1903@example.org,543 West Point,12399590307
2705,Cyndy,Dotson,barnes2000@outlook.com,629 Palmetto Pine,-10049
2706,Dusty,Deleon,time2039@live.com,118 Signal Spur,19072841033
2707,Taylor,Odom,despite1800@outlook.com,34 Gordon Point,16817969794
2708,Josh,Mathis,utc1830@example.org,956 Manor Manor,18066880234
2709,Noah,Morales,measuring1927@live.com,689 Kansas Crescent,-5995
2710,Raymond,Ewing,weblogs1964@example.com,167 August Row,-8380
2711,Madalyn,Yang,face2082@yandex.com,278 Beaumont Run,17861431977
2712,Claudio,King,freight1878@gmail.com,832 Brentwood Manor,-5671
2713,Cyrus,Peterson,framing2059@example.com,756 Houston Extension,-9467
2714,Carlyn,Fisher,were1921@duck.com,238 Glenview Plaza,-10561
2715,Classie,Berry,keeping1880@yahoo.com,1057 San Carlos Junction,-4948
2716,Corrin,Guerra,cathedral1825@example.com,1335 Ignacio Mews,15628961929
2717,Lanny,Finley,code1878@gmail.com,378 Beale Court,13181411091
2718,Jenice,Wiley,interests2094@gmail.com,1210 Avenue F Trail,-10194
2719,Yuonne,Bruce,mumbai1922@gmail.com,91 Gateview 2 Drive,16145015243
2720,Raphael,Robertson,monitors2064@outlook.com,1371 Orben Creek,-8142
2721,Willie,Santana,harder2084@yandex.com,1192 Colonial Court,-8659
2722,Myrta,Cook,clay2013@outlook.com,512 Powers Crescent,13148594839
2723,Denis,Stafford,sunglasses1814@gmail.com,1338 Oscar Station,17743747568
2724,Cole,Bird,recognized1964@example.org,401 Owen Motorway,12525011129
2725,Kellye,Payne,potter1882@yandex.com,377 Mirando Point,-7348
2726,Cassondra,Stein,dear1902@yandex.com,937 Alberta Center,17130287373
2727,Yuk,Haley,thy1998@live.com,143 Divisadero Pine,-979
2728,Shemika,Oliver,those1949@example.org,1072 Lick Viaduct,18131641595
2729,Laverne,Guthrie,nutrition2053@example.com,868 Shoup Heights,17247519338
2730,Alysa,Franco,mai2003@live.com,830 Lower Fort Mason Canyon,-8565
2731,Terresa,Sullivan,initiatives2028@yandex.com,1018 Madison Extension,-5494
2732,Remedios,Love,reaching2039@example.org,1034 Stoneyford Court,-7225
2733,Rolf,Dickerson,cartridge1958@gmail.com,497 Carolina Ferry,19161858524
2734,Sharie,Boyle,comparison2083@live.com,702 Morningside Square,12627547992
2735,Kittie,Barnes,jamie1936@example.org,1336 Third Mews,18013245732
2736,Shela,Harvey,brokers1949@protonmail.com,1039 Mars Extension,-4909
2737,Celena,Hartman,christopher1897@protonmail.com,489 Long Bridge Creek,18351307028
2738,Tari,Phelps,legislation2097@duck.com,1151 Gallagher Street,-9053
2739,Reena,Hill,challenge1831@example.org,565 Mirando Point,17650036640
2740,Ettie,Garner,warriors2099@gmail.com,325 Morning Glory Bypass,12697770978
2741,Cedric,Hancock,lambda1832@duck.com,988 Brazil Cove,16307533708
2742,Gonzalo,Fuller,estimated1940@outlook.com,745 Malden Lane,-8353
2743,Quincy,Hernandez,heaven1992@example.com,473 Beale Viaduct,-10585
2744,Lupe,Mitchell,contamination1938@yandex.com,965 Parker Rapids,18307324601
2745,Shaneka,Davis,radios1835@protonmail.com,699 Safira Center,-7646
2746,Paris,Mcgowan,porsche1914@example.com,682 Florence Freeway,19121010031
2747,Carita,Kent,virgin1826@example.com,966 San Fernando Green,-8394
2748,Emery,Carrillo,characterization2098@protonmail.com,237 Hitchcock Creek,-5021
2749,Octavio,Dodson,myanmar1859@yandex.com,1017 Cross Ranch,18459093909
2750,Reagan,Sparks,railway1976@protonmail.com,1053 Tillman Mall,13010215987
2751,Marion,Rush,lighting1975@example.com,161 Tenny Point,12760322442
2752,Chery,Santana,mod2021@live.com,1328 Winthrop Motorway,-2615
2753,Keena,Mcpherson,call2069@protonmail.com,975 Krausgrill Field,18784507145
2754,Teodora,Larsen,records1895@yandex.com,848 Dawnview Hill,-9715
2755,Shelby,Kennedy,suppliers1925@example.org,150 Montana Street,18455826536
2756,Leland,Waters,common2057@outlook.com,1394 Rosa Parks Path,-9821
2757,Lannie,Bradford,kid2088@gmail.com,760 Fairfield Point,-9038
2758,Maryanna,Delgado,correct1827@gmail.com,304 Weatherly Park,-4502
2759,Woodrow,Cooper,disk2063@yandex.com,323 Weston Terrace,-11079
2760,Paulita,Saunders,configuration2062@protonmail.com,318 Onique Lake,14123222836
2761,Gertrud,Norris,serious2016@protonmail.com,744 Massasoit Bayou,-8903
2762,Gil,Jefferson,lol1907@gmail.com,46 St. Paul Street-Calvert Bayou,-4040
2763,Lore,Richardson,settle2053@yandex.com,359 Converse Spur,-9532
2764,Natalya,Frederick,significant2066@outlook.com,1177 Davenport Heights,16319959927
2765,Antwan,Kinney,because1873@yahoo.com,654 Del Sur Hill,-8470
2766,Curt,Edwards,incentive2094@gmail.com,837 Saint Croix Arcade,-4051
2767,Jovan,Lyons,ltd2024@live.com,1047 San Rafael Circle,12185010686
2768,Gustavo,Donaldson,celebrities1956@example.org,229 Bedford Place,14424224523
2769,Pearlene,Hutchinson,layer1834@duck.com,807 Avenue Of The Palms Creek,-9349
2770,Arthur,Schroeder,tourist1811@outlook.com,727 Clarke Crossing,-5795
2771,Azalee,Guzman,groups1946@outlook.com,20 Hangah Extension,17605164895
2772,Jim,Malone,cfr1894@duck.com,940 Prague Crescent,-2212
2773,Ethyl,Fox,penny1977@example.com,169 Grace Station,-6294
2774,Columbus,Bradley,technique2050@outlook.com,1055 Larch Station,12011287063
2775,Pasquale,Horton,kong1928@gmail.com,1057 Baltimore Bypass,16170639047
2776,Ethelene,Dodson,across1864@live.com,880 Northpoint Turnpike,18470816061
2777,Flo,Foster,polo2024@yandex.com,1264 Wedemeyer Creek,-5377
2778,Donald,Mullins,copyrights2051@example.org,977 Magnolia Glen,19279309354
2779,Eusebio,Shepherd,tsunami1869@protonmail.com,659 Arballo Highway,12316079010
2780,Darius,Terrell,bell1973@live.com,26 Morrell Trail,14028492735
2781,Mignon,Mays,lexmark2060@live.com,693 Athens Avenue,17853973911
2782,Gertrudis,Hughes,front1812@example.org,906 Winston Arcade,12401104006
2783,Rodrigo,Rocha,pin1897@outlook.com,924 Longview Freeway,-4058
2784,Sachiko,Church,breaking1910@example.com,961 Erie Park,14407394023
2785,Sam,Holmes,very2077@example.org,1173 Cyril Magnin Boulevard,15203656282
2786,Murray,Hale,authentication1868@yahoo.com,443 Hopkins Court,-9042
2787,Jamal,Chang,nor2002@duck.com,536 Mullen Field,-10614
2788,Leonida,Carpenter,outlined1961@example.org,86 College Trail,-8979
2789,Ulysses,Gross,cast1881@example.com,1251 Sharon Bayou,-725
2790,Stacy,Juarez,howard1964@example.com,76 Perego Shore,-2323
2791,Tim,Richardson,threatened1903@live.com,425 Bannock Junction,-7564
2792,Ben,Rivers,apart1850@example.com,1387 Saint Germain Loop,12564487007
2793,Robena,May,wireless2005@duck.com,668 Greenwood Extension,-1616
2794,Cameron,Campos,finals1834@example.org,509 Van Buren Green,-3182
2795,Judson,Anthony,maker1953@duck.com,667 North Van Horn Landing,19281442432
2796,Marchelle,Collier,robots1818@duck.com,984 Yosemite Annex,-7089
2797,Phylicia,Smith,compute1815@live.com,1016 Craut Bayou,17753088044
2798,Glayds,Cohen,strength1908@example.com,302 Safira Heights,-1773
2799,Amiee,Carpenter,advocate1992@gmail.com,606 Koret Annex,-6848
2800,Jared,Livingston,child1841@live.com,1084 Britton Square,12184810638
2801,Darcel,Wyatt,provided1978@protonmail.com,385 Zoo Parkway,15011864985
2802,Elwood,Salinas,mailing2087@example.com,597 Nahua Pike,12141083711
2803,Hildred,Williamson,inappropriate2099@outlook.com,1239 Bartlett Estate,-5579
2804,Eldon,Simpson,harbor2025@yahoo.com,191 Grant Court,12137293494
2805,Mana,Gill,surprised1841@yahoo.com,1161 Napier Plaza,17025078791
2806,Shawnee,Snow,labels1865@gmail.com,381 Bertita Junction,-2437
2807,Les,Hubbard,discipline1900@yahoo.com,322 Tocoloma Path,-9326
2808,Shani,Stark,term1862@duck.com,781 Hillway Hills,-7528
2809,Aurelio,Medina,unwrap1932@live.com,1220 Myrtle Alley,13179345984
2810,Junior,Pickett,handles1856@live.com,780 Vasquez Terrace,-2820
2811,Tam,Ryan,lightning1864@live.com,222 Winston Crescent,-8866
2812,Walker,Collins,cocktail1886@live.com,1344 Inca Crossing,-1553
2813,Rocco,Cardenas,calcium2084@duck.com,376 Roselyn Viaduct,12768072740
2814,Bradly,Munoz,featuring2083@gmail.com,260 Sycamore Place,12489647057
2815,Doug,Mcdaniel,char1916@live.com,1111 Hill Junction,17342200886
2816,Vanesa,Foreman,editions1958@yahoo.com,698 San Benito Court,-2502
2817,Gino,Joyce,intl1984@gmail.com,123 Grove Freeway,14302719457
2818,Shenna,Johns,followed2031@duck.com,638 Muir Spur,-2449
2819,Tuan,Garcia,necessary1948@live.com,1076 Bradford Path,17648981051
2820,Lyla,Edwards,alignment2016@outlook.com,857 Lapidge Loop,-7542
2821,Lon,Walls,header2029@example.org,942 Bayview Route,-2493
2822,Simonne,Mclaughlin,undertaken2003@duck.com,790 Encinal Parkway,-3393
2823,Elvin,Rowe,islamic1934@example.org,1068 Starr King Stravenue,-7260
2824,Anya,Perkins,understood1859@yahoo.com,750 Sanches Freeway,-1735
2825,Jacob,Ingram,liverpool1811@yandex.com,1257 Auto Cove,-9507
2826,Dot,Talley,retired1808@outlook.com,853 Carter Gardens,19138694274
2827,Walter,Mcguire,toe1925@gmail.com,1226 Fernandez Pass,14849945674
2828,Jeffie,Mcclure,vector2041@yahoo.com,336 Lowell Terrace,18021516797
2829,Carli,Cardenas,impaired1963@live.com,1227 Loraine Drive,-5840
2830,Beaulah,Horton,bios2096@yandex.com,561 Crescent Pass,-8809
2831,Andreas,Parker,plugins1930@protonmail.com,464 Music Concourse Access Gardens,-5487
2832,Jone,Stewart,houses1854@outlook.com,335 Mount Trace,12391241649
2833,Cleopatra,Silva,eyes1983@yandex.com,1159 Nautilus Walk,-5263
2834,Perry,Mcdonald,ceramic2056@live.com,513 Santa Paula Bypass,-8554
2835,James,Barnes,incl1840@yandex.com,811 Derby Hill,19706158019
2836,Rozanne,Bradshaw,intro2050@example.org,551 San Marcos Annex,-3023
2837,Jeffery,Payne,extraction2070@protonmail.com,741 Hitchcock Drive,-1530
2838,Golden,English,deep1850@yandex.com,497 Martinez Street,-4825
2839,August,Carver,economy2070@gmail.com,993 Judson Hill,16179627677
2840,Malik,Mitchell,americas1830@gmail.com,147 Juniper Hill,-4088
2841,Cammie,Dillon,dot1821@example.com,404 Forest Side Ranch,-3884
2842,Gretta,Wilder,threatened1836@yandex.com,540 Graystone Road,-3140
2843,Kraig,Bennett,missions1966@gmail.com,1358 Mountain Spring Bypass,-6553
2844,Laquanda,Jimenez,parliamentary2039@protonmail.com,208 Nadell Stravenue,-10505
2845,Gertha,Rose,portugal1837@protonmail.com,456 Nibbi Loop,17181147982
2846,Jesse,Scott,analyst2028@example.com,535 Myrtle Mews,15573731743
2847,Raisa,Frost,clicks1906@duck.com,593 Schofield Alley,-3576
2848,Rogelio,Brewer,header2080@example.com,312 Orchard Park,-8809
2849,Annamaria,Carver,medication1998@live.com,794 Brooklyn Cove,14428678231
2850,Amos,Hunt,intersection2007@example.com,39 Castelo Landing,15594397655
2851,Merideth,Compton,cricket1887@protonmail.com,955 Newton Freeway,15649637674
2852,Efrain,Parrish,precision1815@outlook.com,305 Ravenwood Ranch,15800820616
2853,Kennith,Fletcher,chorus2084@duck.com,371 Nauman Mall,17574343692
2854,Liberty,Hopper,side2028@gmail.com,593 Newman Junction,19729323285
2855,Lucien,Logan,criteria2032@duck.com,126 Bacon Pass,-2289
2856,Vicente,Sandoval,deer1823@yandex.com,620 Beideman Place,12565831461
2857,Susann,Everett,francis1897@yahoo.com,1145 Parker Court,19150722714
2858,Genesis,Mercer,copied2017@yandex.com,416 Avoca Arcade,-3909
2859,Wilbert,Beach,powered2019@yahoo.com,1243 Ashton Heights,19035821246
2860,Phillip,Carter,vegas2087@protonmail.com,932 Old Chinatown Creek,14064451767
2861,Rudolf,Kidd,doubt1894@yandex.com,50 Onique Drive,-1709
2862,Rusty,Aguirre,truly1930@yahoo.com,412 Wood Bayou,12602820413
2863,Dwain,Baker,accredited2053@outlook.com,879 Melra Avenue,-4295
2864,Alberto,Bolton,stones1831@outlook.com,257 Marine Hills,-2797
2865,Anjelica,Kerr,unlimited1912@yahoo.com,1179 Newman Terrace,19070813779
2866,Lonna,Jordan,presented1873@outlook.com,380 Seville Pass,-2977
2867,Kerry,Mcclain,vinyl2041@duck.com,677 Potomac Bridge,12147516832
2868,Felisa,Anderson,initial2058@yandex.com,977 Waldo Bayou,12099905390
2869,Zofia,Meyers,normally1969@outlook.com,594 San Ramon Highway,15037975913
2870,Maynard,Shaffer,expected1995@protonmail.com,628 Rayburn Extension,18582724586
2871,Deeanna,Mejia,consumption1864@live.com,504 Bell Glen,14452245150
2872,Gail,Alvarez,attribute1859@yahoo.com,49 Pretor Lodge,-5274
2873,Ayana,Walker,gnome1975@protonmail.com,914 Eagle Glen,14082232479
2874,Lucina,Dudley,lists1951@duck.com,1378 Kempton Creek,18314670509
2875,Walter,Everett,nation1870@duck.com,757 Graham Park,-3236
2876,Larita,Combs,corporations1978@gmail.com,41 Reservoir Trace,-10662
2877,Issac,Barron,lose1913@outlook.com,875 Russian Hill Lake,12567712427
2878,Lindsay,Puckett,seek1913@outlook.com,986 El Mirasol Mall,19095915500
2879,Michel,Buchanan,nationwide2100@outlook.com,32 Van Buren Road,-2515
2880,Eleonore,Carter,conclusion1930@yandex.com,1038 Lupine Place,19259209746
2881,Pamella,Richardson,dividend2049@duck.com,929 Montclair Parkway,17029831692
2882,Dewayne,White,broadcasting2024@yahoo.com,1172 Sargent Place,15051856148
2883,Shelton,Estrada,harmful1962@example.com,956 J Walk,-9604
2884,Ayesha,Dean,americans2018@duck.com,283 Willie B Kennedy Lodge,12019996916
2885,Adrian,Williamson,oct2082@example.com,683 Cesar Chavez Green,18289052224
2886,Sparkle,Rogers,reprint1899@yahoo.com,1395 Fortuna Heights,14327722939
2887,Edmond,Ball,checking1839@yahoo.com,816 San Marcos Bypass,-3151
2888,Violette,Evans,resort2082@example.org,49 Ridgewood Highway,-2617
2889,Joan,Wise,ict2090@live.com,18 Old Mason Annex,15123207604
2890,Cordia,Berger,barbara1984@protonmail.com,1223 Simonds Cove,19411590504
2891,Concha,Mercado,won1970@live.com,312 Via Bufano Green,16674359157
2892,Rosenda,Curry,ceiling1898@example.org,308 Battery Wagner Route,-9245
2893,Markus,Todd,versus1804@duck.com,1364 Kronquist Crescent,-7256
2894,Adah,Mccoy,jpg1822@yandex.com,923 Signal Hill,-3979
2895,Shaniqua,Johnston,relation1985@example.com,703 Sunrise Canyon,12120675699
2896,Jaye,Brennan,salmon1938@yahoo.com,775 Ridgewood Pass,-5723
2897,Jazmine,Dawson,bow1836@example.com,480 Farnum Terrace,19795166822
2898,Deedra,Monroe,worldcat2087@duck.com,1107 Mallorca Stravenue,18158995346
2899,Douglass,Mendoza,shows2081@outlook.com,822 Vesta Alley,-1720
2900,Audrea,Garrison,select1863@live.com,1091 Mahan Pine,19127303538
2901,Ellyn,Brennan,drive1816@live.com,413 Camellia Square,18055291199
2902,Armando,Whitehead,characterization2043@example.com,880 Ofarrell Annex,17308855970
2903,Cicely,O'neil,locked1890@yahoo.com,29 Quintara Avenue,18785443983
2904,Rodney,Weeks,attractions1934@example.org,665 Albatross Trail,17242615713
2905,Cristopher,Mccoy,reed2007@example.com,359 Dashiell Hammett Estate,15050893648
2906,Krysta,Barber,claim1952@yahoo.com,468 Chesley Place,-1803
2907,Berry,Henry,wife1825@example.com,881 Stillman Row,-3358
2908,Florentino,Marquez,gale1834@example.com,717 Fair Freeway,-7152
2909,Josef,Berg,consortium1910@yahoo.com,626 Retiro Glen,-6244
2910,Jeramy,Maldonado,figure1944@example.org,735 Commonwealth Lodge,16190433912
2911,Matha,Sanchez,sandy1804@outlook.com,1163 Sternberg Gardens,-8440
2912,George,Reynolds,reporter2075@duck.com,644 Mistral Lane,-4302
2913,Demarcus,Mcclure,club1910@example.com,890 Patterson Alley,-3267
2914,Tisa,Taylor,node1857@duck.com,130 Fallon Rapids,-5992
2915,Collen,Fernandez,dawn1940@duck.com,447 Breen Mews,15510613128
2916,Laci,Myers,female1871@outlook.com,563 Liberty Row,-7963
2917,Galen,David,buyer1917@yahoo.com,1221 Pemberton Pike,17035426826
2918,Jerrica,Bowers,login1914@example.com,167 Marengo Pass,17039835508
2919,Synthia,Howell,kim1999@outlook.com,992 Amity Hill,-2369
2920,Milton,Avila,trail1859@example.com,990 Terrace Pike,-1540
2921,Sung,Vincent,paypal1965@outlook.com,289 Avery Glen,-4228
2922,Kathaleen,Hayes,greece2008@gmail.com,219 Mansfield Point,16284792144
2923,Marshall,O'donnell,fruit1812@duck.com,1175 Encinal Bridge,19412632470
2924,Calandra,Gonzalez,logos1936@example.com,204 Galindo Station,17756550550
2925,Cleopatra,Mclaughlin,damaged1926@yahoo.com,1266 Santa Marina Canyon,19138933012
2926,Chia,Dominguez,immunology1844@yahoo.com,940 Behr Arcade,-3949
2927,Cecil,Mcmillan,financing1947@gmail.com,262 Storey Trace,16102087597
2928,Jc,Chandler,incident1891@example.org,724 Quartz Lane,-4532
2929,Daniele,Roberson,xerox2039@example.org,535 Midcrest Street,14642447881
2930,Terence,Vang,courts2088@yandex.com,136 Cassandra Bridge,16505484113
2931,Vashti,Terry,rich1871@live.com,910 Aquavista Park,14170910888
2932,Kacie,Dominguez,ana1948@yahoo.com,792 Molimo Green,12286698019
2933,Nancee,Lamb,debt1865@duck.com,104 Galvez Highway,18136400988
2934,Darron,Sparks,packs2004@outlook.com,776 Golf Course Glen,-7737
2935,Chi,Ross,normally1830@live.com,662 Bayside Village Garden,-6885
2936,Meg,Hinton,investor1835@yahoo.com,1106 Friedell Viaduct,17069171413
2937,Erin,Gay,lil1840@gmail.com,980 Wall Row,12187598523
2938,Aaron,Robinson,arising2014@protonmail.com,96 Commercial Path,-2134
2939,Demarcus,White,tracked1886@yahoo.com,129 Lansdale Heights,-9266
2940,Willy,Brown,counties2004@yahoo.com,110 Fair Expressway,-10589
2941,Eura,Banks,action1807@gmail.com,1009 Continuum Avenue,-5839
2942,Zenobia,Melton,portuguese1916@yandex.com,490 Clarke Street,12090904394
2943,Lincoln,Burch,llc2023@yandex.com,155 Eucalyptus Hills,-6179
2944,Conchita,Mcclure,fog1873@duck.com,964 Candlestick Point Sra Grove,-10297
2945,Ray,Hoffman,numerous1976@outlook.com,294 Galindo Hills,15414699941
2946,Felicidad,Evans,becomes1892@example.com,579 Higuera Field,-4692
2947,Donnetta,Webb,know1918@yahoo.com,1130 Castillo Extension,-5422
2948,Shay,Orr,prostate2031@outlook.com,1392 Alabama Run,-6082
2949,Kera,Mcpherson,zealand1849@yandex.com,1190 Havenside Hills,-2911
2950,Tempie,Hendricks,releases2049@live.com,472 Gillette Heights,-1870
2951,Maida,Sawyer,wagner1846@duck.com,172 Ringold Viaduct,13140457254
2952,Mathew,Wagner,assure2046@outlook.com,1292 Maxwell Turnpike,16593310483
2953,Ty,Dunn,header1982@duck.com,1184 Kennedy Field,18584412337
2954,Michelina,Horn,community1872@gmail.com,455 Holly Park Station,17156007537
2955,Dwain,David,earnings2003@protonmail.com,680 Ashwood Lodge,18107582974
2956,Minh,Dejesus,ppm1861@example.org,1108 Berry Green,-7361
2957,Loura,Roy,other1813@example.com,1214 Tiffany Pass,-5639
2958,Julieann,May,wto2006@duck.com,129 Golf Course Drive,-9527
2959,Dalton,Barker,potatoes2055@protonmail.com,864 Avenue I Court,-9216
2960,Marya,Sloan,generate2075@yandex.com,289 Finley Crossing,-8848
2961,Wade,Perry,cat2016@protonmail.com,1236 Tubbs Alley,-8821
2962,Gus,Mercer,photographs1868@gmail.com,184 Middlefield Bend,-2857
2963,Barney,Murphy,katie2048@live.com,1049 Old Decatur Rapids,-6533
2964,Jerry,Briggs,mounting1810@gmail.com,625 Sutro Heights Green,-7871
2965,Shaunna,Witt,marvel1823@protonmail.com,290 Long Bridge Loop,19146701557
2966,Laurence,Newman,vacancies1837@live.com,254 Riverton Estate,18626413919
2967,Karlyn,Mendoza,instruments1947@example.com,1071 Bowdoin Lane,16121228690
2968,Trevor,Mcmahon,bride1887@example.org,1329 The Embarcadero Drive,-2968
2969,Dwight,Burgess,distances1934@example.org,1262 Hare Bend,-1971
2970,Yuonne,Shaffer,cook2035@example.org,115 Barry Road,14303368655
2971,Margaretta,Douglas,wichita1808@protonmail.com,336 Franklin Expressway,13369111702
2972,Raleigh,Pratt,interviews2043@protonmail.com,960 Coleridge Road,-2246
2973,Jerome,Mcguire,valve2078@yahoo.com,1037 Harriet Motorway,-7166
2974,Taren,Guerrero,diploma2046@yahoo.com,696 Josiah Mews,15127415225
2975,Toshia,Sampson,sensor2049@example.org,684 Newhall Parkway,-8493
2976,Rigoberto,Franklin,curriculum1930@live.com,784 Columbia Square Point,12699774029
2977,Harry,Mccall,fin2016@live.com,922 Westwood Street,-4451
2978,Earnest,Conrad,purchases1895@example.com,154 Avenue B Ranch,14700903313
2979,Lajuana,Smith,authorization1902@example.com,69 Hickory Court,13198670958
2980,Karole,Kidd,possible2006@gmail.com,234 Custom House Lake,15081542782
2981,Neda,Jennings,kevin2019@gmail.com,1351 Santa Monica Square,15800118090
2982,Celsa,Hodge,slovenia1896@duck.com,1187 Loyola Annex,-4912
2983,Todd,Walsh,ing1820@outlook.com,1176 Reno Mall,12569245091
2984,Delmer,Lewis,howto2072@duck.com,846 Martha Mall,12318221411
2985,Luise,Huber,stating2036@example.org,1020 Bepler Crescent,-5456
2986,Pia,Rodriquez,catering1951@live.com,632 Halibut Turnpike,-8992
2987,Vincent,Day,innovative1999@protonmail.com,53 Rey Glen,19410166474
2988,Zack,Gilliam,outputs1950@example.org,523 Brosnan Walk,-8214
2989,Victorina,Strickland,processor2049@protonmail.com,842 Lower Ferry,13210117397
2990,Jacquelynn,Norris,restricted1974@yahoo.com,861 Julius Mall,-2708
2991,Theodore,Everett,nbc1973@protonmail.com,401 Gabilan Rapids,12787038029
2992,Jeffry,Hawkins,clean1834@live.com,1001 Ottawa Court,-11165
2993,Johna,Byrd,license1987@yandex.com,629 Capen Road,15753048119
2994,Jackson,Pratt,repository1882@example.com,525 Shoup Lane,-3700
2995,Elin,Ratliff,latin1819@duck.com,1255 Alberta Junction,17865281795
2996,Evelynn,Parks,lamp2066@example.com,1141 Plaza Ranch,-7796
2997,Andera,Webb,scotland1994@yahoo.com,1310 Winston Terrace,16787169617
2998,Young,Gomez,initiated2020@example.org,777 Stillman Field,-1655
2999,Kathline,Walls,stationery2034@example.org,1321 Colleen Viaduct,19035879619
3000,Joan,Moody,acdbentity2055@yahoo.com,150 Jack London Lane,-7884
3001,Boyce,Mcbride,closes2077@yandex.com,1044 Toland Road,19046004991
3002,Jeromy,Harper,nominations2026@yandex.com,692 Dawson Park,-8804
3003,Carry,Barr,pairs1948@protonmail.com,697 Bernice Ranch,-7758
3004,Mel,Alston,somehow1896@duck.com,295 Clearfield Pike,-3908
3005,Franklyn,George,msg1894@yandex.com,1297 Pierpoint Run,-1984
3006,Wilton,Horton,beatles2088@live.com,282 Armistead Ferry,-2754
3007,Johnnie,Bush,bank1987@example.com,948 Downey Green,18120922040
3008,Cathey,Flynn,asn2068@duck.com,1398 Rockaway Green,-5368
3009,Love,Ball,chronic2016@yandex.com,422 Parkridge Junction,15045119908
3010,Silvana,Bullock,bestsellers2008@yandex.com,660 Kensington Shore,17659252256
3011,Tenesha,Workman,theology1988@outlook.com,1028 Portal Circle,13127681497
3012,Edmundo,Sharp,brunei1890@protonmail.com,1056 Beckett Extension,12621109373
3013,Robert,Pollard,trance1996@outlook.com,1279 Modoc Heights,-6063
3014,Melaine,Ratliff,social1834@outlook.com,269 Garrison Lodge,-5061
3015,Ron,Garrett,google2010@duck.com,737 Shannon Path,17606391962
3016,Carey,Frazier,hint1819@protonmail.com,1212 Edgewood Canyon,-3114
3017,Izola,Reese,manor2065@duck.com,218 Lyndhurst Highway,16798514660
3018,Frank,Golden,delivering1828@yandex.com,206 Reservoir Mall,16791283740
3019,Jarrod,Miles,where1881@example.org,525 Crossover Turnpike,17857992854
3020,Lacresha,Melendez,titanium1897@yahoo.com,96 Dixie Bypass,15302117732
3021,Luther,Burris,racial1937@duck.com,234 Carver Run,-6638
3022,Breann,Nolan,coordinate2002@example.org,53 Freelon Boulevard,-6340
3023,Mathilde,Vaughn,gmt1880@protonmail.com,793 Westside Bypass,-2076
3024,Michale,Manning,shade2004@protonmail.com,921 Weldon Garden,-4504
3025,Kandace,Goff,newspapers1999@yandex.com,607 Madrone Row,14702907364
3026,Harrison,Cooley,goal2087@live.com,1267 Loehr Bridge,-2707
3027,Deangelo,Pate,billy1899@example.com,558 Sala Walk,16507897824
3028,Carry,Avery,fly1992@gmail.com,926 Lunado Freeway,-8678
3029,Jerrell,Jackson,ronald1878@duck.com,505 Otter Cove Estate,16513130598
3030,Sharri,Floyd,commitments1873@duck.com,1044 Esmeralda Lake,-3614
3031,Leroy,Moody,hold1850@live.com,601 Scotland Turnpike,14081784477
3032,Dannette,Rojas,purple1885@duck.com,947 Waldo Green,-3609
3033,Jenice,Anthony,valid1880@yahoo.com,1071 Bryn Mahr Bend,-10825
3034,Thalia,Mccoy,import1865@example.org,530 Trumbull Drive,-9364
3035,Lashell,Ballard,currently1971@live.com,594 Spofford Station,-4212
3036,Ranee,Randall,captain1813@example.com,341 Bowling Green Avenue,-4669
3037,Rosia,Hicks,nomination2048@protonmail.com,1279 Skyview Manor,-858
3038,Caterina,Cummings,center2046@outlook.com,328 Palace Of Fine Arts Court,19179910321
3039,Cleveland,Coffey,korean2083@example.com,1289 Arbor Gardens,14103629495
3040,Karly,Ward,kansas1917@yahoo.com,1056 Gates Shore,19524600995
3041,Talitha,Wilcox,context1858@gmail.com,113 Torrens Row,-3651
3042,Stuart,Snow,ear1925@yahoo.com,642 Castenada Field,-3048
3043,Albert,Maldonado,securely1997@protonmail.com,627 Halibut Extension,-8521
3044,Jodee,Wilson,spell1915@gmail.com,1331 Coronado Creek,15132998510
3045,Elease,Sheppard,clearly1952@live.com,384 Sutter Heights,19103541241
3046,Ray,Potter,josh1878@outlook.com,65 Roscoe Ranch,-10136
3047,Shea,Tucker,enquiries1928@live.com,613 Sandpiper Cove Ferry,18181810676
3048,Ewa,Thornton,nathan1869@protonmail.com,320 Dublin Street,18036998494
3049,Jonathan,Guerra,political2092@yandex.com,622 West Clay Boulevard,-3140
3050,Deja,Baker,ericsson1845@example.org,214 Hoff Stravenue,16416046212
3051,Arcelia,Larsen,armor1837@live.com,495 Clarkson Pike,-10058
3052,Neida,Puckett,defined2032@protonmail.com,73 Bellevue Crescent,-9308
3053,Napoleon,Tran,singer1810@example.com,107 Detroit Row,-5287
3054,Victorina,Cortez,software2013@gmail.com,245 Dr Tom Waddell Boulevard,17164291094
3055,Noel,Grant,garmin1870@duck.com,876 Codman Ranch,-5860
3056,Sheryll,Koch,consist1810@example.org,442 Colin Motorway,-6682
3057,Lloyd,Crawford,celebrate1935@yandex.com,1188 Avoca Street,18085668073
3058,Lazaro,Rasmussen,custody1989@example.com,1056 Alhambra Motorway,14477272633
3059,Larhonda,Romero,alliance1957@outlook.com,1219 South Hill Bridge,-9103
3060,Rory,Chase,phrase2096@yahoo.com,665 Medau Lake,15053191716
3061,Reginald,Mcdaniel,nuke2048@yandex.com,458 Princeton Mall,-8078
3062,Yan,Farrell,epinions2074@yandex.com,126 Mateo Pike,-2617
3063,Blake,Mcmahon,belongs2062@live.com,237 Malvina Street,-7600
3064,Tanner,Hardin,dentists1815@yandex.com,942 Buena Vista Green,19715785944
3065,Kaycee,Ratliff,transportation1821@protonmail.com,235 Summit Bridge,-5984
3066,Derick,White,negotiation1961@live.com,471 Berkshire Lodge,19732111804
3067,Eloy,Gilliam,longer2031@example.com,1343 Houston Cove,16092411902
3068,Parthenia,Travis,arrangement2100@duck.com,145 Davis Pass,12521586070
3069,Ed,Olsen,barbados2095@yandex.com,211 Sylvan Crossing,16518940185
3070,Alexis,Davidson,noble2035@protonmail.com,487 Santa Paula Estate,17206381971
3071,Vanesa,Clarke,danger1833@yahoo.com,17 Crisp Road,17084418575
3072,Randolph,Frye,billion1874@duck.com,856 Steiner Trace,17026933227
3073,Merrill,Chaney,affiliate1998@live.com,1010 Irwin Center,-2598
3074,Laraine,Booth,mercy1860@gmail.com,480 Crescio Trace,-8817
3075,Luna,Mitchell,reserves1986@duck.com,421 Rhine Row,-10605
3076,Bruno,Haley,corrections1825@example.com,400 Heather Road,12284287185
3077,Ivelisse,Baxter,thumbnails2047@yahoo.com,200 Card Place,-9165
3078,Sol,Parker,elite1961@gmail.com,170 James Square,14842078294
3079,Hiram,Wong,literature2085@gmail.com,1089 Locust Glen,-5120
3080,Todd,Morrison,stones1801@outlook.com,1213 San Luis Crossing,19157696527
3081,Alva,Mullins,korean1806@live.com,478 Parque Arcade,18105765448
3082,Enoch,Bailey,assist1914@yandex.com,1226 Stillings Crossing,19363601180
3083,Eugenie,Ware,observation1850@gmail.com,467 Havenside Alley,-10014
3084,Luke,Johnson,theory2015@example.com,112 Boalt Canyon,14230885329
3085,Cyrstal,Armstrong,messaging1967@example.com,948 Leo Junction,-4020
3086,Deadra,Mcfarland,input2098@protonmail.com,1135 Ruger Lake,-7908
3087,Denese,Mendoza,flights1851@gmail.com,439 Hillview Lodge,-2442
3088,Lionel,Flynn,recipient1862@duck.com,636 Armistead Ferry,-9632
3089,Grover,Moore,uniprotkb1961@outlook.com,984 Brussels Alley,-7528
3090,Roscoe,Todd,psychology1820@gmail.com,122 Encinal Plaza,17655128641
3091,Donnell,Pickett,wines2048@protonmail.com,143 Sweeny Junction,-3417
3092,Bobette,Knight,align1870@example.com,649 Saint George Route,14041207201
3093,Lang,Boyer,apple1943@yandex.com,957 Broadmoor Road,-8594
3094,Colby,Freeman,participated2076@outlook.com,1116 Hill Point Estate,12094414369
3095,Anjanette,Carey,frame1968@gmail.com,1254 Carver Glen,18103231961
3096,Randall,Romero,tone1977@live.com,865 Rivas Lake,17024659365
3097,Galen,Medina,representations2002@yahoo.com,999 Arkansas Expressway,-9210
3098,Guillermo,Battle,balanced1875@protonmail.com,384 Constanso Bridge,15851268158
3099,Tamesha,Wade,assault1929@yahoo.com,176 Al Scoma Cove,-4061
3100,Val,Hardy,pearl2086@duck.com,472 Hussey Pike,-6277
3101,Fermin,Roberson,burst1913@yandex.com,371 Merriam Lodge,-5034
3102,Kimi,Sheppard,photography2090@yahoo.com,544 Kennedy Lane,12511052647
3103,Chas,Roman,continuously2055@yahoo.com,426 Perry Parkway,-3162
3104,Joey,Avila,passing1989@gmail.com,1321 Battery Safford Grove,18019536573
3105,Casie,Burch,magnitude1902@example.org,1260 Mateo Run,-10750
3106,Candie,Newman,disclaimer2027@yandex.com,1392 De Wolf Freeway,-10038
3107,Keenan,Shields,devices2072@yandex.com,466 Greenwich Stravenue,18593763156
3108,Damion,Caldwell,gang2065@example.com,1211 Mendell Glen,-10839
3109,Kanesha,Webb,surface2090@example.org,1012 Music Concourse Stravenue,-6789
3110,Alayna,Stanton,fundraising1883@yandex.com,222 Gladstone Station,17166572684
3111,Loise,Middleton,civil1933@yandex.com,780 Hooker Alley,-5191
3112,Ulysses,Decker,boundary1914@outlook.com,190 Bonview Viaduct,-2528
3113,Palmira,Serrano,rain2095@example.org,681 El Plazuela Route,-6308
3114,Anjanette,Cote,jamaica2096@yahoo.com,284 Blanken Green,-4083
3115,Arica,James,trends2070@yahoo.com,2 Homer Arcade,-1158
3116,Donald,Leblanc,smooth2031@protonmail.com,1123 Golding Bend,-6196
3117,Scott,Mcfarland,enter1992@example.org,1392 Battery Crosby Freeway,-7463
3118,Dwayne,Savage,housewives2017@duck.com,1015 Hamilton Canyon,-10015
3119,Jackie,Fowler,disputes1963@example.com,411 Mclaren Heights,14581393101
3120,Tynisha,Cooke,fly1936@outlook.com,430 Calhoun Bypass,15516550270
3121,Marin,Allen,primary1910@gmail.com,170 John Maher Drive,18597903265
3122,Yukiko,Douglas,ignored2004@example.org,844 Circular Glen,-6172
3123,Tran,Hancock,ridge1991@example.org,307 Rose Landing,-10100
3124,Emile,Herring,hobbies1988@example.com,546 Graham Avenue,-8211
3125,Marcellus,Mcfarland,condo2018@example.com,502 Himmelmann Court,-8122
3126,Stevie,Stephenson,ceo1983@yandex.com,998 Eve Trail,-5392
3127,Hollis,Cleveland,delaware1924@duck.com,142 Wiese Path,-10140
3128,Sherice,Murphy,model1860@yahoo.com,1146 Beale Bypass,12053012820
3129,Dallas,Gilmore,mem1886@duck.com,695 Rockdale Mall,13517971141
3130,Terrell,Estrada,dated1863@example.org,222 College Alley,16197395239
3131,Jin,Cross,electron1811@live.com,128 Chestnut Turnpike,-3457
3132,Johnathan,Rios,lib1834@live.com,690 Dudley Trace,-7040
3133,Sebrina,Castro,punch1829@yandex.com,882 Avenue Of The Palms Bypass,15863507232
3134,Shelba,Andrews,similarly2086@live.com,684 Santa Ynez Trail,17748773112
3135,Vashti,Marks,indigenous1881@yahoo.com,981 Copper Trace,12543325833
3136,Arnold,Mckenzie,aol1980@example.org,368 Brumiss Green,17374937780
3137,Florinda,Clark,garden1868@protonmail.com,381 Avenue F Bayou,-1772
3138,Julene,Dixon,nearly1897@outlook.com,1116 Heron Crossing,-6363
3139,Lanita,Pratt,malawi2024@yandex.com,54 Grattan Expressway,17198562056
3140,Otis,Caldwell,unwrap2042@gmail.com,615 Hunters Point Motorway,-10090
3141,Aldo,Lane,capable1887@gmail.com,1136 Garrison Pass,17028213143
3142,Melia,Berg,amount1939@live.com,573 Opal Loop,14099363497
3143,Monte,Barry,beaches1894@gmail.com,518 Nellie Lane,19720158152
3144,Ricardo,Boyle,oregon1869@example.org,56 Maiden Mews,13690405251
3145,Mel,Slater,antonio2004@example.org,578 Dartmouth Street,19729716213
3146,Reinaldo,Nicholson,likewise2000@yandex.com,239 Chancery Pass,-9137
3147,Doyle,Edwards,consciousness1800@yandex.com,624 Old Mason Boulevard,-8229
3148,Jason,Rojas,rose1988@yahoo.com,140 Campus Field,13182426843
3149,Bronwyn,Porter,avg2052@duck.com,1162 Madera Drive,12038457178
3150,Zane,Barrett,picked2060@yandex.com,1303 Loomis Estate,14106321242
3151,Delicia,Daniel,msg1843@outlook.com,1327 Del Monte Annex,-5091
3152,Ardelle,Burns,truck1962@live.com,55 Noe Bridge,14129602305
3153,Alton,Hogan,memories1912@live.com,106 Mayfair Ranch,-5777
3154,Loreen,Kidd,magnificent1805@gmail.com,523 Valparaiso Manor,15593501173
3155,Emil,Yang,lightning1912@yahoo.com,66 Italy Mall,-2007
3156,Nathaniel,Cohen,suspended2091@live.com,741 Linda Freeway,-4808
3157,Larraine,Pacheco,reward1955@outlook.com,909 Langdon Expressway,-2122
3158,Guillermo,Lawson,winter1961@yandex.com,528 Lamson Pine,15107957439
3159,Gregg,Rush,charity1983@live.com,668 Monticello Canyon,-10338
3160,Johnsie,Parrish,sony2068@example.com,557 Twin Peaks Extension,-5960
3161,Maia,Bell,space2070@outlook.com,857 Pueblo Heights,15632261062
3162,Cyrstal,Ray,direct1931@protonmail.com,33 Alert Loop,16056409076
3163,Myles,Baird,nine1808@yahoo.com,885 Hidalgo Freeway,15012212513
3164,Shandra,Benjamin,continues1850@example.org,345 Castle Manor Drive,19784972732
3165,Kyle,Aguilar,adding2076@yahoo.com,985 Belles Creek,-6548
3166,Darren,Webster,sms1816@duck.com,175 Long Bypass,-4181
3167,Jamie,Carter,matt2064@yahoo.com,1087 Leo Turnpike,-1956
3168,Ivan,Ellison,relevance2019@protonmail.com,1270 Southwood Crescent,-10565
3169,Clora,Todd,widespread2009@outlook.com,294 Varela Landing,-1017
3170,Linn,Marks,clicking1934@gmail.com,272 Beale Canyon,16108845897
3171,Genny,Ortiz,conservation1917@yahoo.com,591 Mclea Heights,16816815188
3172,Alexis,Kennedy,asylum1849@duck.com,566 Oakhurst Terrace,12607469644
3173,Hae,Strickland,crude1879@example.org,1276 Robert Kirk Mall,14329236344
3174,Alishia,Combs,floor2030@live.com,821 Freelon Estate,-6723
3175,Lucien,Weaver,packs1853@example.org,687 Genebern Bayou,14259716998
3176,Rea,Wilder,scale2025@example.org,673 Toland Station,-9969
3177,Tod,Holloway,nationally1826@gmail.com,712 Northern Shore,19407436660
3178,Carroll,Hamilton,goods1839@live.com,790 Bonview Lake,17319042372
3179,Daryl,Haney,visit1998@protonmail.com,718 Hanover Circle,-7002
3180,Hsiu,Sellers,distributions2071@yahoo.com,1259 Stanley Road,-10099
3181,Cindie,Valdez,fwd1935@outlook.com,687 Nelson Rising Junction,19598092995
3182,Steffanie,Molina,infections2039@duck.com,1113 Encline Plaza,-7176
3183,Zana,Merrill,registry1957@duck.com,1140 Argonaut Highway,-5938
3184,Gary,Fuller,championships2067@live.com,1105 Ellington Highway,17573669799
3185,Kera,Mcbride,professor1878@duck.com,643 Alpha Extension,-10539
3186,Rory,Moore,launched1896@yandex.com,534 Pasadena Landing,-2749
3187,Lorean,Black,accepted1881@protonmail.com,942 Greenwood Route,13803896844
3188,David,Morrow,bahrain1893@example.org,259 Saturn Place,-3080
3189,Wilmer,Mckinney,surrounding1873@live.com,702 Jarboe Freeway,-8651
3190,Alberto,Avila,sentence1899@example.org,1321 Clover Field,18780086061
3191,Berry,Dotson,aimed1876@live.com,1130 Octavia Pike,13613700432
3192,Rod,Lyons,enhancements1971@gmail.com,634 Huron Ferry,16570798416
3193,Armandina,Spence,them2042@example.org,705 Pearl Garden,16368066995
3194,Buford,Durham,resolved1819@example.com,1310 Aloha Ferry,-6281
3195,Carey,Mays,required1828@yahoo.com,605 Henry Adams Motorway,16821443606
3196,Mitch,Garner,signs2013@outlook.com,438 Westgate Grove,14308123137
3197,Ricky,Lewis,machinery1954@gmail.com,350 Breen Center,-6602
3198,Debbi,Vinson,dsc2056@live.com,151 Argent Field,12679734078
3199,Lenard,Meyer,disable1925@live.com,201 Rosella Row,-4267
3200,Rubin,Gay,pct1801@example.org,1245 Mark Twain Stravenue,16816360732
