store_id,store_name,location,manager,square_footage
2301,Store 2301,Location 2301,Manager 2301,2881
2302,Store 2302,Location 2302,Manager 2302,3744
2303,Store 2303,Location 2303,Manager 2303,7964
2304,Store 2304,Location 2304,Manager 2304,8140
2305,Store 2305,Location 2305,Manager 2305,2619
2306,Store 2306,Location 2306,Manager 2306,5781
2307,Store 2307,Location 2307,Manager 2307,4595
2308,Store 2308,Location 2308,Manager 2308,5979
2309,Store 2309,Location 2309,Manager 2309,7512
2310,Store 2310,Location 2310,Manager 2310,9753
2311,Store 2311,Location 2311,Manager 2311,7178
2312,Store 2312,Location 2312,Manager 2312,3986
2313,Store 2313,Location 2313,Manager 2313,9487
2314,Store 2314,Location 2314,Manager 2314,4875
2315,Store 2315,Location 2315,Manager 2315,6783
2316,Store 2316,Location 2316,Manager 2316,7013
2317,Store 2317,Location 2317,Manager 2317,8822
2318,Store 2318,Location 2318,Manager 2318,9128
2319,Store 2319,Location 2319,Manager 2319,2530
2320,Store 2320,Location 2320,Manager 2320,2900
2321,Store 2321,Location 2321,Manager 2321,8661
2322,Store 2322,Location 2322,Manager 2322,3751
2323,Store 2323,Location 2323,Manager 2323,6081
2324,Store 2324,Location 2324,Manager 2324,8371
2325,Store 2325,Location 2325,Manager 2325,3370
2326,Store 2326,Location 2326,Manager 2326,2344
2327,Store 2327,Location 2327,Manager 2327,7743
2328,Store 2328,Location 2328,Manager 2328,9543
2329,Store 2329,Location 2329,Manager 2329,2205
2330,Store 2330,Location 2330,Manager 2330,4808
2331,Store 2331,Location 2331,Manager 2331,5233
2332,Store 2332,Location 2332,Manager 2332,4636
2333,Store 2333,Location 2333,Manager 2333,2423
2334,Store 2334,Location 2334,Manager 2334,2420
2335,Store 2335,Location 2335,Manager 2335,5145
2336,Store 2336,Location 2336,Manager 2336,4548
2337,Store 2337,Location 2337,Manager 2337,9983
2338,Store 2338,Location 2338,Manager 2338,2420
2339,Store 2339,Location 2339,Manager 2339,2571
2340,Store 2340,Location 2340,Manager 2340,9877
2341,Store 2341,Location 2341,Manager 2341,2945
2342,Store 2342,Location 2342,Manager 2342,6387
2343,Store 2343,Location 2343,Manager 2343,2331
2344,Store 2344,Location 2344,Manager 2344,4682
2345,Store 2345,Location 2345,Manager 2345,7667
2346,Store 2346,Location 2346,Manager 2346,3828
2347,Store 2347,Location 2347,Manager 2347,7699
2348,Store 2348,Location 2348,Manager 2348,6986
2349,Store 2349,Location 2349,Manager 2349,6414
2350,Store 2350,Location 2350,Manager 2350,8393
2351,Store 2351,Location 2351,Manager 2351,6312
2352,Store 2352,Location 2352,Manager 2352,8137
2353,Store 2353,Location 2353,Manager 2353,2920
2354,Store 2354,Location 2354,Manager 2354,8557
2355,Store 2355,Location 2355,Manager 2355,6438
2356,Store 2356,Location 2356,Manager 2356,7382
2357,Store 2357,Location 2357,Manager 2357,2255
2358,Store 2358,Location 2358,Manager 2358,4782
2359,Store 2359,Location 2359,Manager 2359,3289
2360,Store 2360,Location 2360,Manager 2360,8687
2361,Store 2361,Location 2361,Manager 2361,2147
2362,Store 2362,Location 2362,Manager 2362,6627
2363,Store 2363,Location 2363,Manager 2363,8145
2364,Store 2364,Location 2364,Manager 2364,8175
2365,Store 2365,Location 2365,Manager 2365,6015
2366,Store 2366,Location 2366,Manager 2366,5724
2367,Store 2367,Location 2367,Manager 2367,3171
2368,Store 2368,Location 2368,Manager 2368,6049
2369,Store 2369,Location 2369,Manager 2369,2675
2370,Store 2370,Location 2370,Manager 2370,7913
2371,Store 2371,Location 2371,Manager 2371,4808
2372,Store 2372,Location 2372,Manager 2372,4744
2373,Store 2373,Location 2373,Manager 2373,6330
2374,Store 2374,Location 2374,Manager 2374,5001
2375,Store 2375,Location 2375,Manager 2375,7209
2376,Store 2376,Location 2376,Manager 2376,4153
2377,Store 2377,Location 2377,Manager 2377,3627
2378,Store 2378,Location 2378,Manager 2378,2717
2379,Store 2379,Location 2379,Manager 2379,2588
2380,Store 2380,Location 2380,Manager 2380,5508
2381,Store 2381,Location 2381,Manager 2381,8997
2382,Store 2382,Location 2382,Manager 2382,4939
2383,Store 2383,Location 2383,Manager 2383,7182
2384,Store 2384,Location 2384,Manager 2384,6269
2385,Store 2385,Location 2385,Manager 2385,4971
2386,Store 2386,Location 2386,Manager 2386,2152
2387,Store 2387,Location 2387,Manager 2387,5314
2388,Store 2388,Location 2388,Manager 2388,7768
2389,Store 2389,Location 2389,Manager 2389,3348
2390,Store 2390,Location 2390,Manager 2390,4562
2391,Store 2391,Location 2391,Manager 2391,8327
2392,Store 2392,Location 2392,Manager 2392,9109
2393,Store 2393,Location 2393,Manager 2393,3028
2394,Store 2394,Location 2394,Manager 2394,7707
2395,Store 2395,Location 2395,Manager 2395,5072
2396,Store 2396,Location 2396,Manager 2396,4673
2397,Store 2397,Location 2397,Manager 2397,4150
2398,Store 2398,Location 2398,Manager 2398,3976
2399,Store 2399,Location 2399,Manager 2399,9057
2400,Store 2400,Location 2400,Manager 2400,9596
2401,Store 2401,Location 2401,Manager 2401,6097
2402,Store 2402,Location 2402,Manager 2402,9333
2403,Store 2403,Location 2403,Manager 2403,5682
2404,Store 2404,Location 2404,Manager 2404,5990
2405,Store 2405,Location 2405,Manager 2405,3028
2406,Store 2406,Location 2406,Manager 2406,3918
2407,Store 2407,Location 2407,Manager 2407,5806
2408,Store 2408,Location 2408,Manager 2408,5347
2409,Store 2409,Location 2409,Manager 2409,4614
2410,Store 2410,Location 2410,Manager 2410,9497
2411,Store 2411,Location 2411,Manager 2411,8004
2412,Store 2412,Location 2412,Manager 2412,6691
2413,Store 2413,Location 2413,Manager 2413,4832
2414,Store 2414,Location 2414,Manager 2414,3972
2415,Store 2415,Location 2415,Manager 2415,6260
2416,Store 2416,Location 2416,Manager 2416,8226
2417,Store 2417,Location 2417,Manager 2417,3001
2418,Store 2418,Location 2418,Manager 2418,7938
2419,Store 2419,Location 2419,Manager 2419,8794
2420,Store 2420,Location 2420,Manager 2420,8913
2421,Store 2421,Location 2421,Manager 2421,6927
2422,Store 2422,Location 2422,Manager 2422,4759
2423,Store 2423,Location 2423,Manager 2423,5709
2424,Store 2424,Location 2424,Manager 2424,6187
2425,Store 2425,Location 2425,Manager 2425,5164
2426,Store 2426,Location 2426,Manager 2426,2078
2427,Store 2427,Location 2427,Manager 2427,9721
2428,Store 2428,Location 2428,Manager 2428,4154
2429,Store 2429,Location 2429,Manager 2429,7014
2430,Store 2430,Location 2430,Manager 2430,7934
2431,Store 2431,Location 2431,Manager 2431,4768
2432,Store 2432,Location 2432,Manager 2432,3681
2433,Store 2433,Location 2433,Manager 2433,7144
2434,Store 2434,Location 2434,Manager 2434,3098
2435,Store 2435,Location 2435,Manager 2435,7738
2436,Store 2436,Location 2436,Manager 2436,3616
2437,Store 2437,Location 2437,Manager 2437,5790
2438,Store 2438,Location 2438,Manager 2438,2727
2439,Store 2439,Location 2439,Manager 2439,7137
2440,Store 2440,Location 2440,Manager 2440,6387
2441,Store 2441,Location 2441,Manager 2441,4782
2442,Store 2442,Location 2442,Manager 2442,6817
2443,Store 2443,Location 2443,Manager 2443,9941
2444,Store 2444,Location 2444,Manager 2444,4217
2445,Store 2445,Location 2445,Manager 2445,8269
2446,Store 2446,Location 2446,Manager 2446,8722
2447,Store 2447,Location 2447,Manager 2447,2321
2448,Store 2448,Location 2448,Manager 2448,8484
2449,Store 2449,Location 2449,Manager 2449,7765
2450,Store 2450,Location 2450,Manager 2450,7186
2451,Store 2451,Location 2451,Manager 2451,8668
2452,Store 2452,Location 2452,Manager 2452,4266
2453,Store 2453,Location 2453,Manager 2453,7267
2454,Store 2454,Location 2454,Manager 2454,9852
2455,Store 2455,Location 2455,Manager 2455,4542
2456,Store 2456,Location 2456,Manager 2456,3009
2457,Store 2457,Location 2457,Manager 2457,7947
2458,Store 2458,Location 2458,Manager 2458,9338
2459,Store 2459,Location 2459,Manager 2459,9585
2460,Store 2460,Location 2460,Manager 2460,2261
2461,Store 2461,Location 2461,Manager 2461,7199
2462,Store 2462,Location 2462,Manager 2462,2184
2463,Store 2463,Location 2463,Manager 2463,8223
2464,Store 2464,Location 2464,Manager 2464,2244
2465,Store 2465,Location 2465,Manager 2465,3248
2466,Store 2466,Location 2466,Manager 2466,9821
2467,Store 2467,Location 2467,Manager 2467,2186
2468,Store 2468,Location 2468,Manager 2468,4483
2469,Store 2469,Location 2469,Manager 2469,8996
2470,Store 2470,Location 2470,Manager 2470,3029
2471,Store 2471,Location 2471,Manager 2471,3064
2472,Store 2472,Location 2472,Manager 2472,2470
2473,Store 2473,Location 2473,Manager 2473,3616
2474,Store 2474,Location 2474,Manager 2474,6780
2475,Store 2475,Location 2475,Manager 2475,8650
2476,Store 2476,Location 2476,Manager 2476,4345
2477,Store 2477,Location 2477,Manager 2477,7377
2478,Store 2478,Location 2478,Manager 2478,2324
2479,Store 2479,Location 2479,Manager 2479,3998
2480,Store 2480,Location 2480,Manager 2480,7488
2481,Store 2481,Location 2481,Manager 2481,3438
2482,Store 2482,Location 2482,Manager 2482,9005
2483,Store 2483,Location 2483,Manager 2483,9019
2484,Store 2484,Location 2484,Manager 2484,4378
2485,Store 2485,Location 2485,Manager 2485,5874
2486,Store 2486,Location 2486,Manager 2486,9556
2487,Store 2487,Location 2487,Manager 2487,5348
2488,Store 2488,Location 2488,Manager 2488,4370
2489,Store 2489,Location 2489,Manager 2489,3726
2490,Store 2490,Location 2490,Manager 2490,3819
2491,Store 2491,Location 2491,Manager 2491,2794
2492,Store 2492,Location 2492,Manager 2492,2008
2493,Store 2493,Location 2493,Manager 2493,6576
2494,Store 2494,Location 2494,Manager 2494,5473
2495,Store 2495,Location 2495,Manager 2495,5579
2496,Store 2496,Location 2496,Manager 2496,5526
2497,Store 2497,Location 2497,Manager 2497,6348
2498,Store 2498,Location 2498,Manager 2498,4886
2499,Store 2499,Location 2499,Manager 2499,6884
2500,Store 2500,Location 2500,Manager 2500,3963
2501,Store 2501,Location 2501,Manager 2501,5519
2502,Store 2502,Location 2502,Manager 2502,7274
2503,Store 2503,Location 2503,Manager 2503,9760
2504,Store 2504,Location 2504,Manager 2504,7772
2505,Store 2505,Location 2505,Manager 2505,4199
2506,Store 2506,Location 2506,Manager 2506,6962
2507,Store 2507,Location 2507,Manager 2507,3004
2508,Store 2508,Location 2508,Manager 2508,7459
2509,Store 2509,Location 2509,Manager 2509,9166
2510,Store 2510,Location 2510,Manager 2510,7661
2511,Store 2511,Location 2511,Manager 2511,9137
2512,Store 2512,Location 2512,Manager 2512,8599
2513,Store 2513,Location 2513,Manager 2513,9976
2514,Store 2514,Location 2514,Manager 2514,3195
2515,Store 2515,Location 2515,Manager 2515,6426
2516,Store 2516,Location 2516,Manager 2516,8082
2517,Store 2517,Location 2517,Manager 2517,7652
2518,Store 2518,Location 2518,Manager 2518,9329
2519,Store 2519,Location 2519,Manager 2519,2466
2520,Store 2520,Location 2520,Manager 2520,5187
2521,Store 2521,Location 2521,Manager 2521,8481
2522,Store 2522,Location 2522,Manager 2522,3575
2523,Store 2523,Location 2523,Manager 2523,2985
2524,Store 2524,Location 2524,Manager 2524,4700
2525,Store 2525,Location 2525,Manager 2525,5546
2526,Store 2526,Location 2526,Manager 2526,8849
2527,Store 2527,Location 2527,Manager 2527,4538
2528,Store 2528,Location 2528,Manager 2528,6633
2529,Store 2529,Location 2529,Manager 2529,7152
2530,Store 2530,Location 2530,Manager 2530,7633
2531,Store 2531,Location 2531,Manager 2531,2591
2532,Store 2532,Location 2532,Manager 2532,4897
2533,Store 2533,Location 2533,Manager 2533,3886
2534,Store 2534,Location 2534,Manager 2534,5920
2535,Store 2535,Location 2535,Manager 2535,6560
2536,Store 2536,Location 2536,Manager 2536,3686
2537,Store 2537,Location 2537,Manager 2537,7906
2538,Store 2538,Location 2538,Manager 2538,8924
2539,Store 2539,Location 2539,Manager 2539,5423
2540,Store 2540,Location 2540,Manager 2540,9813
2541,Store 2541,Location 2541,Manager 2541,9933
2542,Store 2542,Location 2542,Manager 2542,4257
2543,Store 2543,Location 2543,Manager 2543,3873
2544,Store 2544,Location 2544,Manager 2544,7193
2545,Store 2545,Location 2545,Manager 2545,4138
2546,Store 2546,Location 2546,Manager 2546,4177
2547,Store 2547,Location 2547,Manager 2547,5422
2548,Store 2548,Location 2548,Manager 2548,2297
2549,Store 2549,Location 2549,Manager 2549,2600
2550,Store 2550,Location 2550,Manager 2550,2687
2551,Store 2551,Location 2551,Manager 2551,3226
2552,Store 2552,Location 2552,Manager 2552,4755
2553,Store 2553,Location 2553,Manager 2553,3363
2554,Store 2554,Location 2554,Manager 2554,7851
2555,Store 2555,Location 2555,Manager 2555,3104
2556,Store 2556,Location 2556,Manager 2556,5420
2557,Store 2557,Location 2557,Manager 2557,6545
2558,Store 2558,Location 2558,Manager 2558,3505
2559,Store 2559,Location 2559,Manager 2559,3786
2560,Store 2560,Location 2560,Manager 2560,9518
2561,Store 2561,Location 2561,Manager 2561,3794
2562,Store 2562,Location 2562,Manager 2562,6708
2563,Store 2563,Location 2563,Manager 2563,5160
2564,Store 2564,Location 2564,Manager 2564,4989
2565,Store 2565,Location 2565,Manager 2565,8742
2566,Store 2566,Location 2566,Manager 2566,2262
2567,Store 2567,Location 2567,Manager 2567,3109
2568,Store 2568,Location 2568,Manager 2568,6722
2569,Store 2569,Location 2569,Manager 2569,9224
2570,Store 2570,Location 2570,Manager 2570,6959
2571,Store 2571,Location 2571,Manager 2571,7112
2572,Store 2572,Location 2572,Manager 2572,3367
2573,Store 2573,Location 2573,Manager 2573,6781
2574,Store 2574,Location 2574,Manager 2574,3827
2575,Store 2575,Location 2575,Manager 2575,6217
2576,Store 2576,Location 2576,Manager 2576,8605
2577,Store 2577,Location 2577,Manager 2577,5595
2578,Store 2578,Location 2578,Manager 2578,7570
2579,Store 2579,Location 2579,Manager 2579,3169
2580,Store 2580,Location 2580,Manager 2580,7449
2581,Store 2581,Location 2581,Manager 2581,3895
2582,Store 2582,Location 2582,Manager 2582,7328
2583,Store 2583,Location 2583,Manager 2583,6085
2584,Store 2584,Location 2584,Manager 2584,4669
2585,Store 2585,Location 2585,Manager 2585,8714
2586,Store 2586,Location 2586,Manager 2586,5084
2587,Store 2587,Location 2587,Manager 2587,6141
2588,Store 2588,Location 2588,Manager 2588,3613
2589,Store 2589,Location 2589,Manager 2589,6459
2590,Store 2590,Location 2590,Manager 2590,3036
2591,Store 2591,Location 2591,Manager 2591,4003
2592,Store 2592,Location 2592,Manager 2592,9294
2593,Store 2593,Location 2593,Manager 2593,5121
2594,Store 2594,Location 2594,Manager 2594,2663
2595,Store 2595,Location 2595,Manager 2595,4597
2596,Store 2596,Location 2596,Manager 2596,5309
2597,Store 2597,Location 2597,Manager 2597,6706
2598,Store 2598,Location 2598,Manager 2598,9399
2599,Store 2599,Location 2599,Manager 2599,8645
2600,Store 2600,Location 2600,Manager 2600,4816
2601,Store 2601,Location 2601,Manager 2601,5162
2602,Store 2602,Location 2602,Manager 2602,8184
2603,Store 2603,Location 2603,Manager 2603,5585
2604,Store 2604,Location 2604,Manager 2604,7704
2605,Store 2605,Location 2605,Manager 2605,6536
2606,Store 2606,Location 2606,Manager 2606,2427
2607,Store 2607,Location 2607,Manager 2607,6672
2608,Store 2608,Location 2608,Manager 2608,7423
2609,Store 2609,Location 2609,Manager 2609,3766
2610,Store 2610,Location 2610,Manager 2610,2620
2611,Store 2611,Location 2611,Manager 2611,6705
2612,Store 2612,Location 2612,Manager 2612,7162
2613,Store 2613,Location 2613,Manager 2613,2024
2614,Store 2614,Location 2614,Manager 2614,4812
2615,Store 2615,Location 2615,Manager 2615,9816
2616,Store 2616,Location 2616,Manager 2616,7619
2617,Store 2617,Location 2617,Manager 2617,6290
2618,Store 2618,Location 2618,Manager 2618,2809
2619,Store 2619,Location 2619,Manager 2619,6244
2620,Store 2620,Location 2620,Manager 2620,5390
2621,Store 2621,Location 2621,Manager 2621,4724
2622,Store 2622,Location 2622,Manager 2622,7974
2623,Store 2623,Location 2623,Manager 2623,4514
2624,Store 2624,Location 2624,Manager 2624,8622
2625,Store 2625,Location 2625,Manager 2625,9781
2626,Store 2626,Location 2626,Manager 2626,2757
2627,Store 2627,Location 2627,Manager 2627,5086
2628,Store 2628,Location 2628,Manager 2628,8404
2629,Store 2629,Location 2629,Manager 2629,3425
2630,Store 2630,Location 2630,Manager 2630,8012
2631,Store 2631,Location 2631,Manager 2631,3660
2632,Store 2632,Location 2632,Manager 2632,2102
2633,Store 2633,Location 2633,Manager 2633,2825
2634,Store 2634,Location 2634,Manager 2634,5429
2635,Store 2635,Location 2635,Manager 2635,5734
2636,Store 2636,Location 2636,Manager 2636,3091
2637,Store 2637,Location 2637,Manager 2637,2377
2638,Store 2638,Location 2638,Manager 2638,8735
2639,Store 2639,Location 2639,Manager 2639,3497
2640,Store 2640,Location 2640,Manager 2640,7805
2641,Store 2641,Location 2641,Manager 2641,4871
2642,Store 2642,Location 2642,Manager 2642,9990
2643,Store 2643,Location 2643,Manager 2643,4092
2644,Store 2644,Location 2644,Manager 2644,7541
2645,Store 2645,Location 2645,Manager 2645,9774
2646,Store 2646,Location 2646,Manager 2646,7536
2647,Store 2647,Location 2647,Manager 2647,3149
2648,Store 2648,Location 2648,Manager 2648,8137
2649,Store 2649,Location 2649,Manager 2649,3546
2650,Store 2650,Location 2650,Manager 2650,6276
2651,Store 2651,Location 2651,Manager 2651,6936
2652,Store 2652,Location 2652,Manager 2652,4624
2653,Store 2653,Location 2653,Manager 2653,5433
2654,Store 2654,Location 2654,Manager 2654,7056
2655,Store 2655,Location 2655,Manager 2655,4823
2656,Store 2656,Location 2656,Manager 2656,4186
2657,Store 2657,Location 2657,Manager 2657,2806
2658,Store 2658,Location 2658,Manager 2658,7393
2659,Store 2659,Location 2659,Manager 2659,8271
2660,Store 2660,Location 2660,Manager 2660,3086
2661,Store 2661,Location 2661,Manager 2661,2348
2662,Store 2662,Location 2662,Manager 2662,2669
2663,Store 2663,Location 2663,Manager 2663,8005
2664,Store 2664,Location 2664,Manager 2664,8911
2665,Store 2665,Location 2665,Manager 2665,7458
2666,Store 2666,Location 2666,Manager 2666,4730
2667,Store 2667,Location 2667,Manager 2667,5942
2668,Store 2668,Location 2668,Manager 2668,3480
2669,Store 2669,Location 2669,Manager 2669,7147
2670,Store 2670,Location 2670,Manager 2670,9496
2671,Store 2671,Location 2671,Manager 2671,5314
2672,Store 2672,Location 2672,Manager 2672,9251
2673,Store 2673,Location 2673,Manager 2673,6961
2674,Store 2674,Location 2674,Manager 2674,2409
2675,Store 2675,Location 2675,Manager 2675,7565
2676,Store 2676,Location 2676,Manager 2676,8276
2677,Store 2677,Location 2677,Manager 2677,2085
2678,Store 2678,Location 2678,Manager 2678,4079
2679,Store 2679,Location 2679,Manager 2679,7036
2680,Store 2680,Location 2680,Manager 2680,7982
2681,Store 2681,Location 2681,Manager 2681,7882
2682,Store 2682,Location 2682,Manager 2682,9931
2683,Store 2683,Location 2683,Manager 2683,5785
2684,Store 2684,Location 2684,Manager 2684,8221
2685,Store 2685,Location 2685,Manager 2685,9989
2686,Store 2686,Location 2686,Manager 2686,4925
2687,Store 2687,Location 2687,Manager 2687,9043
2688,Store 2688,Location 2688,Manager 2688,8584
2689,Store 2689,Location 2689,Manager 2689,4594
2690,Store 2690,Location 2690,Manager 2690,3281
2691,Store 2691,Location 2691,Manager 2691,3831
2692,Store 2692,Location 2692,Manager 2692,6441
2693,Store 2693,Location 2693,Manager 2693,3790
2694,Store 2694,Location 2694,Manager 2694,8033
2695,Store 2695,Location 2695,Manager 2695,4327
2696,Store 2696,Location 2696,Manager 2696,3724
2697,Store 2697,Location 2697,Manager 2697,7740
2698,Store 2698,Location 2698,Manager 2698,4117
2699,Store 2699,Location 2699,Manager 2699,3609
2700,Store 2700,Location 2700,Manager 2700,7350
2701,Store 2701,Location 2701,Manager 2701,7356
2702,Store 2702,Location 2702,Manager 2702,7750
2703,Store 2703,Location 2703,Manager 2703,3354
2704,Store 2704,Location 2704,Manager 2704,9045
2705,Store 2705,Location 2705,Manager 2705,4520
2706,Store 2706,Location 2706,Manager 2706,4562
2707,Store 2707,Location 2707,Manager 2707,4972
2708,Store 2708,Location 2708,Manager 2708,8353
2709,Store 2709,Location 2709,Manager 2709,2788
2710,Store 2710,Location 2710,Manager 2710,7803
2711,Store 2711,Location 2711,Manager 2711,8096
2712,Store 2712,Location 2712,Manager 2712,3035
2713,Store 2713,Location 2713,Manager 2713,9950
2714,Store 2714,Location 2714,Manager 2714,5619
2715,Store 2715,Location 2715,Manager 2715,5249
2716,Store 2716,Location 2716,Manager 2716,5952
2717,Store 2717,Location 2717,Manager 2717,9363
2718,Store 2718,Location 2718,Manager 2718,6846
2719,Store 2719,Location 2719,Manager 2719,3329
2720,Store 2720,Location 2720,Manager 2720,6144
2721,Store 2721,Location 2721,Manager 2721,3572
2722,Store 2722,Location 2722,Manager 2722,5822
2723,Store 2723,Location 2723,Manager 2723,9938
2724,Store 2724,Location 2724,Manager 2724,8031
2725,Store 2725,Location 2725,Manager 2725,6431
2726,Store 2726,Location 2726,Manager 2726,8742
2727,Store 2727,Location 2727,Manager 2727,5097
2728,Store 2728,Location 2728,Manager 2728,9944
2729,Store 2729,Location 2729,Manager 2729,4228
2730,Store 2730,Location 2730,Manager 2730,3023
2731,Store 2731,Location 2731,Manager 2731,8608
2732,Store 2732,Location 2732,Manager 2732,2266
2733,Store 2733,Location 2733,Manager 2733,2035
2734,Store 2734,Location 2734,Manager 2734,5864
2735,Store 2735,Location 2735,Manager 2735,2523
2736,Store 2736,Location 2736,Manager 2736,6324
2737,Store 2737,Location 2737,Manager 2737,9573
2738,Store 2738,Location 2738,Manager 2738,5963
2739,Store 2739,Location 2739,Manager 2739,2055
2740,Store 2740,Location 2740,Manager 2740,5472
2741,Store 2741,Location 2741,Manager 2741,5276
2742,Store 2742,Location 2742,Manager 2742,9182
2743,Store 2743,Location 2743,Manager 2743,7632
2744,Store 2744,Location 2744,Manager 2744,6789
2745,Store 2745,Location 2745,Manager 2745,9107
2746,Store 2746,Location 2746,Manager 2746,9783
2747,Store 2747,Location 2747,Manager 2747,3733
2748,Store 2748,Location 2748,Manager 2748,8420
2749,Store 2749,Location 2749,Manager 2749,5927
2750,Store 2750,Location 2750,Manager 2750,3657
2751,Store 2751,Location 2751,Manager 2751,8678
2752,Store 2752,Location 2752,Manager 2752,3467
2753,Store 2753,Location 2753,Manager 2753,6552
2754,Store 2754,Location 2754,Manager 2754,9757
2755,Store 2755,Location 2755,Manager 2755,5762
2756,Store 2756,Location 2756,Manager 2756,7189
2757,Store 2757,Location 2757,Manager 2757,9048
2758,Store 2758,Location 2758,Manager 2758,5131
2759,Store 2759,Location 2759,Manager 2759,8128
2760,Store 2760,Location 2760,Manager 2760,9028
2761,Store 2761,Location 2761,Manager 2761,8101
2762,Store 2762,Location 2762,Manager 2762,3840
2763,Store 2763,Location 2763,Manager 2763,9194
2764,Store 2764,Location 2764,Manager 2764,7634
2765,Store 2765,Location 2765,Manager 2765,3161
2766,Store 2766,Location 2766,Manager 2766,7325
2767,Store 2767,Location 2767,Manager 2767,3656
2768,Store 2768,Location 2768,Manager 2768,9529
2769,Store 2769,Location 2769,Manager 2769,5612
2770,Store 2770,Location 2770,Manager 2770,3617
2771,Store 2771,Location 2771,Manager 2771,8468
2772,Store 2772,Location 2772,Manager 2772,3974
2773,Store 2773,Location 2773,Manager 2773,7831
2774,Store 2774,Location 2774,Manager 2774,2123
2775,Store 2775,Location 2775,Manager 2775,9362
2776,Store 2776,Location 2776,Manager 2776,9505
2777,Store 2777,Location 2777,Manager 2777,3146
2778,Store 2778,Location 2778,Manager 2778,3993
2779,Store 2779,Location 2779,Manager 2779,5930
2780,Store 2780,Location 2780,Manager 2780,5837
2781,Store 2781,Location 2781,Manager 2781,9753
2782,Store 2782,Location 2782,Manager 2782,5126
2783,Store 2783,Location 2783,Manager 2783,5875
2784,Store 2784,Location 2784,Manager 2784,5373
2785,Store 2785,Location 2785,Manager 2785,4418
2786,Store 2786,Location 2786,Manager 2786,6237
2787,Store 2787,Location 2787,Manager 2787,7318
2788,Store 2788,Location 2788,Manager 2788,8907
2789,Store 2789,Location 2789,Manager 2789,4540
2790,Store 2790,Location 2790,Manager 2790,9219
2791,Store 2791,Location 2791,Manager 2791,2355
2792,Store 2792,Location 2792,Manager 2792,8673
2793,Store 2793,Location 2793,Manager 2793,6310
2794,Store 2794,Location 2794,Manager 2794,4672
2795,Store 2795,Location 2795,Manager 2795,2840
2796,Store 2796,Location 2796,Manager 2796,6787
2797,Store 2797,Location 2797,Manager 2797,3247
2798,Store 2798,Location 2798,Manager 2798,8874
2799,Store 2799,Location 2799,Manager 2799,6873
2800,Store 2800,Location 2800,Manager 2800,9114
2801,Store 2801,Location 2801,Manager 2801,7387
2802,Store 2802,Location 2802,Manager 2802,9134
2803,Store 2803,Location 2803,Manager 2803,8029
2804,Store 2804,Location 2804,Manager 2804,9573
2805,Store 2805,Location 2805,Manager 2805,9610
2806,Store 2806,Location 2806,Manager 2806,4993
2807,Store 2807,Location 2807,Manager 2807,3472
2808,Store 2808,Location 2808,Manager 2808,2397
2809,Store 2809,Location 2809,Manager 2809,9211
2810,Store 2810,Location 2810,Manager 2810,3340
2811,Store 2811,Location 2811,Manager 2811,9363
2812,Store 2812,Location 2812,Manager 2812,4875
2813,Store 2813,Location 2813,Manager 2813,7117
2814,Store 2814,Location 2814,Manager 2814,2437
2815,Store 2815,Location 2815,Manager 2815,7189
2816,Store 2816,Location 2816,Manager 2816,5098
2817,Store 2817,Location 2817,Manager 2817,8548
2818,Store 2818,Location 2818,Manager 2818,3432
2819,Store 2819,Location 2819,Manager 2819,5938
2820,Store 2820,Location 2820,Manager 2820,6385
2821,Store 2821,Location 2821,Manager 2821,4861
2822,Store 2822,Location 2822,Manager 2822,4368
2823,Store 2823,Location 2823,Manager 2823,3951
2824,Store 2824,Location 2824,Manager 2824,5207
2825,Store 2825,Location 2825,Manager 2825,7313
2826,Store 2826,Location 2826,Manager 2826,7561
2827,Store 2827,Location 2827,Manager 2827,6825
2828,Store 2828,Location 2828,Manager 2828,5609
2829,Store 2829,Location 2829,Manager 2829,6761
2830,Store 2830,Location 2830,Manager 2830,5221
2831,Store 2831,Location 2831,Manager 2831,8908
2832,Store 2832,Location 2832,Manager 2832,3466
2833,Store 2833,Location 2833,Manager 2833,7075
2834,Store 2834,Location 2834,Manager 2834,8798
2835,Store 2835,Location 2835,Manager 2835,5555
2836,Store 2836,Location 2836,Manager 2836,3386
2837,Store 2837,Location 2837,Manager 2837,3878
2838,Store 2838,Location 2838,Manager 2838,9507
2839,Store 2839,Location 2839,Manager 2839,4516
2840,Store 2840,Location 2840,Manager 2840,2940
2841,Store 2841,Location 2841,Manager 2841,3433
2842,Store 2842,Location 2842,Manager 2842,5110
2843,Store 2843,Location 2843,Manager 2843,3925
2844,Store 2844,Location 2844,Manager 2844,5433
2845,Store 2845,Location 2845,Manager 2845,7361
2846,Store 2846,Location 2846,Manager 2846,7361
2847,Store 2847,Location 2847,Manager 2847,9109
2848,Store 2848,Location 2848,Manager 2848,6116
2849,Store 2849,Location 2849,Manager 2849,9142
2850,Store 2850,Location 2850,Manager 2850,2973
2851,Store 2851,Location 2851,Manager 2851,6422
2852,Store 2852,Location 2852,Manager 2852,4643
2853,Store 2853,Location 2853,Manager 2853,7914
2854,Store 2854,Location 2854,Manager 2854,9303
2855,Store 2855,Location 2855,Manager 2855,3619
2856,Store 2856,Location 2856,Manager 2856,5426
2857,Store 2857,Location 2857,Manager 2857,4077
2858,Store 2858,Location 2858,Manager 2858,2033
2859,Store 2859,Location 2859,Manager 2859,3564
2860,Store 2860,Location 2860,Manager 2860,5607
2861,Store 2861,Location 2861,Manager 2861,8603
2862,Store 2862,Location 2862,Manager 2862,2297
2863,Store 2863,Location 2863,Manager 2863,7817
2864,Store 2864,Location 2864,Manager 2864,4285
2865,Store 2865,Location 2865,Manager 2865,2203
2866,Store 2866,Location 2866,Manager 2866,3137
2867,Store 2867,Location 2867,Manager 2867,4059
2868,Store 2868,Location 2868,Manager 2868,4091
2869,Store 2869,Location 2869,Manager 2869,2201
2870,Store 2870,Location 2870,Manager 2870,7351
2871,Store 2871,Location 2871,Manager 2871,7891
2872,Store 2872,Location 2872,Manager 2872,2250
2873,Store 2873,Location 2873,Manager 2873,8877
2874,Store 2874,Location 2874,Manager 2874,7222
2875,Store 2875,Location 2875,Manager 2875,2099
2876,Store 2876,Location 2876,Manager 2876,7301
2877,Store 2877,Location 2877,Manager 2877,6854
2878,Store 2878,Location 2878,Manager 2878,4473
2879,Store 2879,Location 2879,Manager 2879,5936
2880,Store 2880,Location 2880,Manager 2880,7504
2881,Store 2881,Location 2881,Manager 2881,5839
2882,Store 2882,Location 2882,Manager 2882,3135
2883,Store 2883,Location 2883,Manager 2883,9343
2884,Store 2884,Location 2884,Manager 2884,8718
2885,Store 2885,Location 2885,Manager 2885,6425
2886,Store 2886,Location 2886,Manager 2886,8900
2887,Store 2887,Location 2887,Manager 2887,5966
2888,Store 2888,Location 2888,Manager 2888,4580
2889,Store 2889,Location 2889,Manager 2889,6331
2890,Store 2890,Location 2890,Manager 2890,3041
2891,Store 2891,Location 2891,Manager 2891,3323
2892,Store 2892,Location 2892,Manager 2892,8959
2893,Store 2893,Location 2893,Manager 2893,3363
2894,Store 2894,Location 2894,Manager 2894,6444
2895,Store 2895,Location 2895,Manager 2895,2936
2896,Store 2896,Location 2896,Manager 2896,5711
2897,Store 2897,Location 2897,Manager 2897,2117
2898,Store 2898,Location 2898,Manager 2898,7242
2899,Store 2899,Location 2899,Manager 2899,7196
2900,Store 2900,Location 2900,Manager 2900,9145
2901,Store 2901,Location 2901,Manager 2901,6169
2902,Store 2902,Location 2902,Manager 2902,7634
2903,Store 2903,Location 2903,Manager 2903,6709
2904,Store 2904,Location 2904,Manager 2904,7000
2905,Store 2905,Location 2905,Manager 2905,3907
2906,Store 2906,Location 2906,Manager 2906,8418
2907,Store 2907,Location 2907,Manager 2907,5791
2908,Store 2908,Location 2908,Manager 2908,2631
2909,Store 2909,Location 2909,Manager 2909,5387
2910,Store 2910,Location 2910,Manager 2910,7456
2911,Store 2911,Location 2911,Manager 2911,5314
2912,Store 2912,Location 2912,Manager 2912,9636
2913,Store 2913,Location 2913,Manager 2913,7407
2914,Store 2914,Location 2914,Manager 2914,8482
2915,Store 2915,Location 2915,Manager 2915,7065
2916,Store 2916,Location 2916,Manager 2916,9229
2917,Store 2917,Location 2917,Manager 2917,8535
2918,Store 2918,Location 2918,Manager 2918,4741
2919,Store 2919,Location 2919,Manager 2919,3163
2920,Store 2920,Location 2920,Manager 2920,8312
2921,Store 2921,Location 2921,Manager 2921,7930
2922,Store 2922,Location 2922,Manager 2922,5786
2923,Store 2923,Location 2923,Manager 2923,6041
2924,Store 2924,Location 2924,Manager 2924,2937
2925,Store 2925,Location 2925,Manager 2925,2882
2926,Store 2926,Location 2926,Manager 2926,7629
2927,Store 2927,Location 2927,Manager 2927,3751
2928,Store 2928,Location 2928,Manager 2928,2736
2929,Store 2929,Location 2929,Manager 2929,7409
2930,Store 2930,Location 2930,Manager 2930,2534
2931,Store 2931,Location 2931,Manager 2931,5104
2932,Store 2932,Location 2932,Manager 2932,7363
2933,Store 2933,Location 2933,Manager 2933,3067
2934,Store 2934,Location 2934,Manager 2934,9882
2935,Store 2935,Location 2935,Manager 2935,9201
2936,Store 2936,Location 2936,Manager 2936,9457
2937,Store 2937,Location 2937,Manager 2937,3929
2938,Store 2938,Location 2938,Manager 2938,7068
2939,Store 2939,Location 2939,Manager 2939,2254
2940,Store 2940,Location 2940,Manager 2940,5782
2941,Store 2941,Location 2941,Manager 2941,2334
2942,Store 2942,Location 2942,Manager 2942,2053
2943,Store 2943,Location 2943,Manager 2943,9595
2944,Store 2944,Location 2944,Manager 2944,5424
2945,Store 2945,Location 2945,Manager 2945,2705
2946,Store 2946,Location 2946,Manager 2946,5353
2947,Store 2947,Location 2947,Manager 2947,5275
2948,Store 2948,Location 2948,Manager 2948,4323
2949,Store 2949,Location 2949,Manager 2949,4954
2950,Store 2950,Location 2950,Manager 2950,2413
2951,Store 2951,Location 2951,Manager 2951,8128
2952,Store 2952,Location 2952,Manager 2952,4397
2953,Store 2953,Location 2953,Manager 2953,3953
2954,Store 2954,Location 2954,Manager 2954,6128
2955,Store 2955,Location 2955,Manager 2955,3609
2956,Store 2956,Location 2956,Manager 2956,7225
2957,Store 2957,Location 2957,Manager 2957,4487
2958,Store 2958,Location 2958,Manager 2958,5710
2959,Store 2959,Location 2959,Manager 2959,6097
2960,Store 2960,Location 2960,Manager 2960,3189
2961,Store 2961,Location 2961,Manager 2961,9008
2962,Store 2962,Location 2962,Manager 2962,9002
2963,Store 2963,Location 2963,Manager 2963,8050
2964,Store 2964,Location 2964,Manager 2964,6977
2965,Store 2965,Location 2965,Manager 2965,9678
2966,Store 2966,Location 2966,Manager 2966,2992
2967,Store 2967,Location 2967,Manager 2967,9497
2968,Store 2968,Location 2968,Manager 2968,6437
2969,Store 2969,Location 2969,Manager 2969,3214
2970,Store 2970,Location 2970,Manager 2970,9849
2971,Store 2971,Location 2971,Manager 2971,5332
2972,Store 2972,Location 2972,Manager 2972,9810
2973,Store 2973,Location 2973,Manager 2973,2701
2974,Store 2974,Location 2974,Manager 2974,5431
2975,Store 2975,Location 2975,Manager 2975,2001
2976,Store 2976,Location 2976,Manager 2976,7328
2977,Store 2977,Location 2977,Manager 2977,9679
2978,Store 2978,Location 2978,Manager 2978,2739
2979,Store 2979,Location 2979,Manager 2979,9627
2980,Store 2980,Location 2980,Manager 2980,5051
2981,Store 2981,Location 2981,Manager 2981,5090
2982,Store 2982,Location 2982,Manager 2982,2661
2983,Store 2983,Location 2983,Manager 2983,3574
2984,Store 2984,Location 2984,Manager 2984,6725
2985,Store 2985,Location 2985,Manager 2985,3182
2986,Store 2986,Location 2986,Manager 2986,4841
2987,Store 2987,Location 2987,Manager 2987,4303
2988,Store 2988,Location 2988,Manager 2988,6271
2989,Store 2989,Location 2989,Manager 2989,9448
2990,Store 2990,Location 2990,Manager 2990,6636
2991,Store 2991,Location 2991,Manager 2991,6623
2992,Store 2992,Location 2992,Manager 2992,2390
2993,Store 2993,Location 2993,Manager 2993,4332
2994,Store 2994,Location 2994,Manager 2994,8479
2995,Store 2995,Location 2995,Manager 2995,7787
2996,Store 2996,Location 2996,Manager 2996,7375
2997,Store 2997,Location 2997,Manager 2997,4654
2998,Store 2998,Location 2998,Manager 2998,2617
2999,Store 2999,Location 2999,Manager 2999,2805
3000,Store 3000,Location 3000,Manager 3000,4109
3001,Store 3001,Location 3001,Manager 3001,3203
3002,Store 3002,Location 3002,Manager 3002,9150
3003,Store 3003,Location 3003,Manager 3003,6585
3004,Store 3004,Location 3004,Manager 3004,4182
3005,Store 3005,Location 3005,Manager 3005,3106
3006,Store 3006,Location 3006,Manager 3006,4778
3007,Store 3007,Location 3007,Manager 3007,3505
3008,Store 3008,Location 3008,Manager 3008,9391
3009,Store 3009,Location 3009,Manager 3009,4595
3010,Store 3010,Location 3010,Manager 3010,8525
3011,Store 3011,Location 3011,Manager 3011,4244
3012,Store 3012,Location 3012,Manager 3012,7115
3013,Store 3013,Location 3013,Manager 3013,7153
3014,Store 3014,Location 3014,Manager 3014,8578
3015,Store 3015,Location 3015,Manager 3015,2638
3016,Store 3016,Location 3016,Manager 3016,2387
3017,Store 3017,Location 3017,Manager 3017,8278
3018,Store 3018,Location 3018,Manager 3018,2609
3019,Store 3019,Location 3019,Manager 3019,4582
3020,Store 3020,Location 3020,Manager 3020,9884
3021,Store 3021,Location 3021,Manager 3021,9026
3022,Store 3022,Location 3022,Manager 3022,6200
3023,Store 3023,Location 3023,Manager 3023,9532
3024,Store 3024,Location 3024,Manager 3024,9370
3025,Store 3025,Location 3025,Manager 3025,4204
3026,Store 3026,Location 3026,Manager 3026,3235
3027,Store 3027,Location 3027,Manager 3027,9020
3028,Store 3028,Location 3028,Manager 3028,2912
3029,Store 3029,Location 3029,Manager 3029,7046
3030,Store 3030,Location 3030,Manager 3030,4748
3031,Store 3031,Location 3031,Manager 3031,4332
3032,Store 3032,Location 3032,Manager 3032,2191
3033,Store 3033,Location 3033,Manager 3033,2111
3034,Store 3034,Location 3034,Manager 3034,6738
3035,Store 3035,Location 3035,Manager 3035,8383
3036,Store 3036,Location 3036,Manager 3036,7368
3037,Store 3037,Location 3037,Manager 3037,3377
3038,Store 3038,Location 3038,Manager 3038,3063
3039,Store 3039,Location 3039,Manager 3039,2583
3040,Store 3040,Location 3040,Manager 3040,9993
3041,Store 3041,Location 3041,Manager 3041,8552
3042,Store 3042,Location 3042,Manager 3042,5635
3043,Store 3043,Location 3043,Manager 3043,4905
3044,Store 3044,Location 3044,Manager 3044,8072
3045,Store 3045,Location 3045,Manager 3045,8839
3046,Store 3046,Location 3046,Manager 3046,8807
3047,Store 3047,Location 3047,Manager 3047,8847
3048,Store 3048,Location 3048,Manager 3048,5074
3049,Store 3049,Location 3049,Manager 3049,9229
3050,Store 3050,Location 3050,Manager 3050,2899
3051,Store 3051,Location 3051,Manager 3051,3180
3052,Store 3052,Location 3052,Manager 3052,5788
3053,Store 3053,Location 3053,Manager 3053,2474
3054,Store 3054,Location 3054,Manager 3054,2688
3055,Store 3055,Location 3055,Manager 3055,4603
3056,Store 3056,Location 3056,Manager 3056,4045
3057,Store 3057,Location 3057,Manager 3057,9960
3058,Store 3058,Location 3058,Manager 3058,8957
3059,Store 3059,Location 3059,Manager 3059,6167
3060,Store 3060,Location 3060,Manager 3060,3425
3061,Store 3061,Location 3061,Manager 3061,5122
3062,Store 3062,Location 3062,Manager 3062,8008
3063,Store 3063,Location 3063,Manager 3063,2451
3064,Store 3064,Location 3064,Manager 3064,3732
3065,Store 3065,Location 3065,Manager 3065,9630
3066,Store 3066,Location 3066,Manager 3066,3454
3067,Store 3067,Location 3067,Manager 3067,7819
3068,Store 3068,Location 3068,Manager 3068,5767
3069,Store 3069,Location 3069,Manager 3069,6176
3070,Store 3070,Location 3070,Manager 3070,2737
3071,Store 3071,Location 3071,Manager 3071,5273
3072,Store 3072,Location 3072,Manager 3072,5859
3073,Store 3073,Location 3073,Manager 3073,3659
3074,Store 3074,Location 3074,Manager 3074,7857
3075,Store 3075,Location 3075,Manager 3075,3542
3076,Store 3076,Location 3076,Manager 3076,3939
3077,Store 3077,Location 3077,Manager 3077,9841
3078,Store 3078,Location 3078,Manager 3078,7087
3079,Store 3079,Location 3079,Manager 3079,6309
3080,Store 3080,Location 3080,Manager 3080,2750
3081,Store 3081,Location 3081,Manager 3081,8073
3082,Store 3082,Location 3082,Manager 3082,5891
3083,Store 3083,Location 3083,Manager 3083,9255
3084,Store 3084,Location 3084,Manager 3084,8564
3085,Store 3085,Location 3085,Manager 3085,9623
3086,Store 3086,Location 3086,Manager 3086,8626
3087,Store 3087,Location 3087,Manager 3087,5225
3088,Store 3088,Location 3088,Manager 3088,4137
3089,Store 3089,Location 3089,Manager 3089,3703
3090,Store 3090,Location 3090,Manager 3090,9310
3091,Store 3091,Location 3091,Manager 3091,7816
3092,Store 3092,Location 3092,Manager 3092,3027
3093,Store 3093,Location 3093,Manager 3093,5111
3094,Store 3094,Location 3094,Manager 3094,2655
3095,Store 3095,Location 3095,Manager 3095,5440
3096,Store 3096,Location 3096,Manager 3096,6798
3097,Store 3097,Location 3097,Manager 3097,5737
3098,Store 3098,Location 3098,Manager 3098,3980
3099,Store 3099,Location 3099,Manager 3099,9343
3100,Store 3100,Location 3100,Manager 3100,2493
3101,Store 3101,Location 3101,Manager 3101,2465
3102,Store 3102,Location 3102,Manager 3102,7440
3103,Store 3103,Location 3103,Manager 3103,7046
3104,Store 3104,Location 3104,Manager 3104,9851
3105,Store 3105,Location 3105,Manager 3105,4144
3106,Store 3106,Location 3106,Manager 3106,3526
3107,Store 3107,Location 3107,Manager 3107,2888
3108,Store 3108,Location 3108,Manager 3108,7323
3109,Store 3109,Location 3109,Manager 3109,8892
3110,Store 3110,Location 3110,Manager 3110,2218
3111,Store 3111,Location 3111,Manager 3111,7820
3112,Store 3112,Location 3112,Manager 3112,9139
3113,Store 3113,Location 3113,Manager 3113,5322
3114,Store 3114,Location 3114,Manager 3114,3187
3115,Store 3115,Location 3115,Manager 3115,9815
3116,Store 3116,Location 3116,Manager 3116,9394
3117,Store 3117,Location 3117,Manager 3117,6962
3118,Store 3118,Location 3118,Manager 3118,9945
3119,Store 3119,Location 3119,Manager 3119,8710
3120,Store 3120,Location 3120,Manager 3120,9887
3121,Store 3121,Location 3121,Manager 3121,3909
3122,Store 3122,Location 3122,Manager 3122,4676
3123,Store 3123,Location 3123,Manager 3123,9192
3124,Store 3124,Location 3124,Manager 3124,7617
3125,Store 3125,Location 3125,Manager 3125,2022
3126,Store 3126,Location 3126,Manager 3126,3278
3127,Store 3127,Location 3127,Manager 3127,2556
3128,Store 3128,Location 3128,Manager 3128,4252
3129,Store 3129,Location 3129,Manager 3129,2263
3130,Store 3130,Location 3130,Manager 3130,5602
3131,Store 3131,Location 3131,Manager 3131,7039
3132,Store 3132,Location 3132,Manager 3132,5209
3133,Store 3133,Location 3133,Manager 3133,9203
3134,Store 3134,Location 3134,Manager 3134,7538
3135,Store 3135,Location 3135,Manager 3135,2069
3136,Store 3136,Location 3136,Manager 3136,9468
3137,Store 3137,Location 3137,Manager 3137,7608
3138,Store 3138,Location 3138,Manager 3138,4827
3139,Store 3139,Location 3139,Manager 3139,2654
3140,Store 3140,Location 3140,Manager 3140,9101
3141,Store 3141,Location 3141,Manager 3141,4473
3142,Store 3142,Location 3142,Manager 3142,5987
3143,Store 3143,Location 3143,Manager 3143,7687
3144,Store 3144,Location 3144,Manager 3144,8485
3145,Store 3145,Location 3145,Manager 3145,3723
3146,Store 3146,Location 3146,Manager 3146,5950
3147,Store 3147,Location 3147,Manager 3147,9695
3148,Store 3148,Location 3148,Manager 3148,3054
3149,Store 3149,Location 3149,Manager 3149,4133
3150,Store 3150,Location 3150,Manager 3150,5701
3151,Store 3151,Location 3151,Manager 3151,4320
3152,Store 3152,Location 3152,Manager 3152,2079
3153,Store 3153,Location 3153,Manager 3153,8286
3154,Store 3154,Location 3154,Manager 3154,3362
3155,Store 3155,Location 3155,Manager 3155,3187
3156,Store 3156,Location 3156,Manager 3156,8777
3157,Store 3157,Location 3157,Manager 3157,2544
3158,Store 3158,Location 3158,Manager 3158,7557
3159,Store 3159,Location 3159,Manager 3159,9403
3160,Store 3160,Location 3160,Manager 3160,8648
3161,Store 3161,Location 3161,Manager 3161,9678
3162,Store 3162,Location 3162,Manager 3162,4577
3163,Store 3163,Location 3163,Manager 3163,4281
3164,Store 3164,Location 3164,Manager 3164,7089
3165,Store 3165,Location 3165,Manager 3165,8165
3166,Store 3166,Location 3166,Manager 3166,9644
3167,Store 3167,Location 3167,Manager 3167,3366
3168,Store 3168,Location 3168,Manager 3168,4715
3169,Store 3169,Location 3169,Manager 3169,6551
3170,Store 3170,Location 3170,Manager 3170,5699
3171,Store 3171,Location 3171,Manager 3171,3504
3172,Store 3172,Location 3172,Manager 3172,4375
3173,Store 3173,Location 3173,Manager 3173,4050
3174,Store 3174,Location 3174,Manager 3174,4566
3175,Store 3175,Location 3175,Manager 3175,7100
3176,Store 3176,Location 3176,Manager 3176,8005
3177,Store 3177,Location 3177,Manager 3177,9556
3178,Store 3178,Location 3178,Manager 3178,8251
3179,Store 3179,Location 3179,Manager 3179,7911
3180,Store 3180,Location 3180,Manager 3180,6364
3181,Store 3181,Location 3181,Manager 3181,6432
3182,Store 3182,Location 3182,Manager 3182,6101
3183,Store 3183,Location 3183,Manager 3183,3930
3184,Store 3184,Location 3184,Manager 3184,3880
3185,Store 3185,Location 3185,Manager 3185,5767
3186,Store 3186,Location 3186,Manager 3186,7073
3187,Store 3187,Location 3187,Manager 3187,9579
3188,Store 3188,Location 3188,Manager 3188,2327
3189,Store 3189,Location 3189,Manager 3189,9136
3190,Store 3190,Location 3190,Manager 3190,7089
3191,Store 3191,Location 3191,Manager 3191,8847
3192,Store 3192,Location 3192,Manager 3192,9715
3193,Store 3193,Location 3193,Manager 3193,2193
3194,Store 3194,Location 3194,Manager 3194,9374
3195,Store 3195,Location 3195,Manager 3195,4861
3196,Store 3196,Location 3196,Manager 3196,3175
3197,Store 3197,Location 3197,Manager 3197,3973
3198,Store 3198,Location 3198,Manager 3198,9908
3199,Store 3199,Location 3199,Manager 3199,4796
3200,Store 3200,Location 3200,Manager 3200,7749
3201,Store 3201,Location 3201,Manager 3201,7731
3202,Store 3202,Location 3202,Manager 3202,8188
3203,Store 3203,Location 3203,Manager 3203,2029
3204,Store 3204,Location 3204,Manager 3204,2305
3205,Store 3205,Location 3205,Manager 3205,3697
3206,Store 3206,Location 3206,Manager 3206,5978
3207,Store 3207,Location 3207,Manager 3207,5590
3208,Store 3208,Location 3208,Manager 3208,9999
3209,Store 3209,Location 3209,Manager 3209,3803
3210,Store 3210,Location 3210,Manager 3210,4121
3211,Store 3211,Location 3211,Manager 3211,6841
3212,Store 3212,Location 3212,Manager 3212,4584
3213,Store 3213,Location 3213,Manager 3213,4263
3214,Store 3214,Location 3214,Manager 3214,7396
3215,Store 3215,Location 3215,Manager 3215,4491
3216,Store 3216,Location 3216,Manager 3216,5481
3217,Store 3217,Location 3217,Manager 3217,4454
3218,Store 3218,Location 3218,Manager 3218,6290
3219,Store 3219,Location 3219,Manager 3219,5012
3220,Store 3220,Location 3220,Manager 3220,2852
3221,Store 3221,Location 3221,Manager 3221,4299
3222,Store 3222,Location 3222,Manager 3222,9033
3223,Store 3223,Location 3223,Manager 3223,4719
3224,Store 3224,Location 3224,Manager 3224,7437
3225,Store 3225,Location 3225,Manager 3225,6362
3226,Store 3226,Location 3226,Manager 3226,8261
3227,Store 3227,Location 3227,Manager 3227,7374
3228,Store 3228,Location 3228,Manager 3228,9460
3229,Store 3229,Location 3229,Manager 3229,2637
3230,Store 3230,Location 3230,Manager 3230,7623
3231,Store 3231,Location 3231,Manager 3231,4202
3232,Store 3232,Location 3232,Manager 3232,8898
3233,Store 3233,Location 3233,Manager 3233,7952
3234,Store 3234,Location 3234,Manager 3234,2792
3235,Store 3235,Location 3235,Manager 3235,8234
3236,Store 3236,Location 3236,Manager 3236,9435
3237,Store 3237,Location 3237,Manager 3237,8311
3238,Store 3238,Location 3238,Manager 3238,6804
3239,Store 3239,Location 3239,Manager 3239,9216
3240,Store 3240,Location 3240,Manager 3240,5463
3241,Store 3241,Location 3241,Manager 3241,2136
3242,Store 3242,Location 3242,Manager 3242,8312
3243,Store 3243,Location 3243,Manager 3243,6189
3244,Store 3244,Location 3244,Manager 3244,8327
3245,Store 3245,Location 3245,Manager 3245,2483
3246,Store 3246,Location 3246,Manager 3246,8464
3247,Store 3247,Location 3247,Manager 3247,6280
3248,Store 3248,Location 3248,Manager 3248,3009
3249,Store 3249,Location 3249,Manager 3249,2245
3250,Store 3250,Location 3250,Manager 3250,4373
3251,Store 3251,Location 3251,Manager 3251,6595
3252,Store 3252,Location 3252,Manager 3252,7021
3253,Store 3253,Location 3253,Manager 3253,4702
3254,Store 3254,Location 3254,Manager 3254,8544
3255,Store 3255,Location 3255,Manager 3255,6787
3256,Store 3256,Location 3256,Manager 3256,4445
3257,Store 3257,Location 3257,Manager 3257,7256
3258,Store 3258,Location 3258,Manager 3258,2690
3259,Store 3259,Location 3259,Manager 3259,4363
3260,Store 3260,Location 3260,Manager 3260,6993
3261,Store 3261,Location 3261,Manager 3261,9768
3262,Store 3262,Location 3262,Manager 3262,4595
3263,Store 3263,Location 3263,Manager 3263,7662
3264,Store 3264,Location 3264,Manager 3264,4981
3265,Store 3265,Location 3265,Manager 3265,5225
3266,Store 3266,Location 3266,Manager 3266,7176
3267,Store 3267,Location 3267,Manager 3267,3134
3268,Store 3268,Location 3268,Manager 3268,2483
3269,Store 3269,Location 3269,Manager 3269,2312
3270,Store 3270,Location 3270,Manager 3270,3707
3271,Store 3271,Location 3271,Manager 3271,7024
3272,Store 3272,Location 3272,Manager 3272,5204
3273,Store 3273,Location 3273,Manager 3273,7008
3274,Store 3274,Location 3274,Manager 3274,6104
3275,Store 3275,Location 3275,Manager 3275,4934
3276,Store 3276,Location 3276,Manager 3276,8916
3277,Store 3277,Location 3277,Manager 3277,4764
3278,Store 3278,Location 3278,Manager 3278,6776
3279,Store 3279,Location 3279,Manager 3279,4810
3280,Store 3280,Location 3280,Manager 3280,8125
3281,Store 3281,Location 3281,Manager 3281,6227
3282,Store 3282,Location 3282,Manager 3282,9823
3283,Store 3283,Location 3283,Manager 3283,6583
3284,Store 3284,Location 3284,Manager 3284,9103
3285,Store 3285,Location 3285,Manager 3285,6811
3286,Store 3286,Location 3286,Manager 3286,3701
3287,Store 3287,Location 3287,Manager 3287,9270
3288,Store 3288,Location 3288,Manager 3288,5041
3289,Store 3289,Location 3289,Manager 3289,8174
3290,Store 3290,Location 3290,Manager 3290,4445
3291,Store 3291,Location 3291,Manager 3291,6783
3292,Store 3292,Location 3292,Manager 3292,8971
3293,Store 3293,Location 3293,Manager 3293,5327
3294,Store 3294,Location 3294,Manager 3294,4913
3295,Store 3295,Location 3295,Manager 3295,2376
3296,Store 3296,Location 3296,Manager 3296,4551
3297,Store 3297,Location 3297,Manager 3297,6133
3298,Store 3298,Location 3298,Manager 3298,8556
3299,Store 3299,Location 3299,Manager 3299,5514
3300,Store 3300,Location 3300,Manager 3300,7687
